file,query,answer
bridge_subgraph_17001.graphml,哪种疾病在奥氮平组治疗中出现腹泻，同时需要阿米替林片药物治疗和常规护理辅助？,失眠
bridge_subgraph_16997.graphml,哪种疾病与脂肪酸结合蛋白（或脂肪细胞型脂肪酸结合蛋白）的异常相关，且在颈围和膀胱癌的实验室检查中常被同时发现？,A-FABP
bridge_subgraph_17005.graphml,哪种疾病在出现最低鼻咽温度和躁动的同时，常与药物因素相关并可能并发帕金森病？,苏醒延迟
bridge_subgraph_17003.graphml,哪种疾病在出现广泛性焦虑和振腹环揉法腹部推拿的同时，还伴随发热和肝功能异常的症状？,失眠
bridge_subgraph_17016.graphml,哪种疾病在出现恶梦夜惊与焦虑的同时，还可能需要心理护理和化疗，并可能与创伤后应激障碍相关？,失眠
bridge_subgraph_17004.graphml,哪种疾病在女性中发病率达12.4%，临床表现为缺血性脑卒中，且常采用针刺配合循经闪罐法进行辅助治疗？,失眠
bridge_subgraph_17014.graphml,哪种医学内容能同时涵盖左心功能下降的康复训练以及与之相关的便秘和心力衰竭问题？,先天性甲状腺功能减退症
bridge_subgraph_17017.graphml,哪种疾病在补脾益气辅助治疗的同时，常见于女性抑郁症患者，且可能与慢性阻塞性肺疾病和血液透析相关？,失眠
bridge_subgraph_17006.graphml,哪种疾病既能由胆道感染性疾病和肿瘤引起，又常需使用镇静剂治疗，且与急性呼吸窘迫综合征密切相关？,ALI/ ARDS
bridge_subgraph_17009.graphml,哪种疾病在进行胸部CT检查或胸部计算机断层成像时，常与新冠肺炎和乏力症状同时出现？,重症新型冠状病毒肺炎
bridge_subgraph_17019.graphml,哪种疾病同时表现为腹痛综合征和四维皆病，且常伴随氟西汀使用和腹胀症状？,功能性腹痛综合征
bridge_subgraph_17013.graphml,哪种疾病在老年人群中常见，既表现为老年痴呆症状，又可能伴随恶性肿瘤，且珍宝丸是其常用治疗药物？,失眠
bridge_subgraph_17010.graphml,哪种疾病会出现老年糖尿病合并抑郁症、呕吐、恶心等症状，且可通过刺激足三里、照海、四神聪、百会穴辅助治疗？,失眠
bridge_subgraph_16999.graphml,哪种疾病在心外膜脂肪组织体积异常（实验室检查）和MVD低表达（临床表现）的情况下，常伴有卒中和原发性高血压的发生？,低危组
bridge_subgraph_17008.graphml,哪种疾病既会导致糖尿病，又可能出现高血压和利培酮组药物的临床表现，并且需要通过匹兹堡睡眠质量指数量表进行辅助检查？,失眠
bridge_subgraph_17011.graphml,哪种疾病在实验室检查中表现为低频活动的功率谱异常，且在辅助治疗中常采用生态治疗，同时可能与肿瘤相关并导致精神障碍？,气功
bridge_subgraph_17021.graphml,哪种疾病可以通过服用三味豆蔻汤散并辅以针灸治疗来改善肾部病症？,失眠
bridge_subgraph_17018.graphml,哪种疾病会出现激素性胃肠道反应和焦虑，通常需要使用滋肾安神汤治疗，并辅以认知行为治疗？,失眠
bridge_subgraph_17007.graphml,哪种疾病最易影响长期每天使用电子产品超过4小时的军官，且在吸烟和性别差异的共同作用下，常需使用催眠类药物进行治疗？,失眠
bridge_subgraph_17015.graphml,哪种疾病既可能导致失眠，又是肝性脑病的风险评估因素，同时通过积极治疗原发病可以预防，并可能出现皮疹这一临床表现？,糖尿病
bridge_subgraph_17022.graphml,哪种疾病会导致骨质增生，并可能引发抑郁，同时伴随心身症状障碍和肥胖的临床表现？,失眠
bridge_subgraph_17012.graphml,哪种疾病最适合通过艾灸、非药物护理干预以及结合心理护理和舒适护理等辅助手段进行治疗？,失眠
bridge_subgraph_17020.graphml,哪种疾病可以通过脾胰耳穴磁珠贴压和针灸治疗失眠（体针辅助治疗），并且常需结合脑电图和经颅多普勒检查及药物治疗？,失眠
bridge_subgraph_17025.graphml,哪种疾病在男性中较为常见，内镜检查后预后较差，且治疗后常伴有腹痛？,胃癌
bridge_subgraph_17024.graphml,哪种疾病在女性中更常见，且表现为腹胀，可能是急性药物性肝病或药物性肝损伤的病理分型？,肝细胞损伤型
bridge_subgraph_17026.graphml,哪种疾病既常伴随失眠和恶性肿瘤死亡，又在使用半夏泻心汤治疗时容易出现乏力症状？,胃癌
bridge_subgraph_17027.graphml,哪种疾病在治疗过程中会同时使用助眠药物如枣仁安神胶囊和阿普唑仑，并可能需要配合维持性血液透析？,失眠
bridge_subgraph_17023.graphml,哪种疾病在进行TESS评价时常见，且在用生地黄治疗的同时，常伴随血脂异常和贫血症状？,失眠
bridge_subgraph_17028.graphml,哪种疾病在沐足和放松疗法的同时，常与HPLC检测和冠心病相关联？,失眠
bridge_subgraph_17032.graphml,哪种疾病更容易与MTHFR C677T突变型及野生型同时出现，是癫痫还是肺癌？,杂合突变型
bridge_subgraph_17031.graphml,哪种疾病在男性且吸烟的人群中，更容易因较差心血管状态和较高的体质指数而发病？,心血管健康
bridge_subgraph_17035.graphml,哪种疾病在采用针刺法辅助治疗的同时，还需要结合高压氧治疗和优质护理，且主要发病部位在皮质下？,失眠
bridge_subgraph_17038.graphml,哪种疾病在出现睡觉饥饿和维持性腹膜透析的同时，还需要通过心电图和血常规进行检查？,失眠
bridge_subgraph_17029.graphml,哪种疾病在老年患者中常伴随失眠，且在采用优质护理与常规护理时，需特别关注患者的睡眠个人信念与态度量表？,失眠
bridge_subgraph_17034.graphml,哪种疾病在治疗过程中适合采用中药穴位贴敷和合理使用药物，且其临床表现可能包括癫痫，同时2型糖尿病是其高危因素？,糖尿病
bridge_subgraph_17030.graphml,哪种疾病在实验室检查中表现为Ssek3蛋白阳性，临床表现为腹泻和发热，且常用头孢他啶进行治疗？,鼠伤寒沙门菌感染
bridge_subgraph_17045.graphml,哪种疾病在出现发热和排尿困难的同时，最可能通过64层MSCT检查发现瘘管这一并发症？,Behcet综合征
bridge_subgraph_17033.graphml,哪种疾病与CMV-IgM（）、HP-IgG（）直接相关，且常伴随抑郁（）和焦虑（）症状出现？,nPSS
bridge_subgraph_17036.graphml,哪种疾病在蒙医温药物治疗和静息态fMRI检查的同时，还需要护理干预，并且治疗后可能出现艾司西酞普兰相关的症状？,失眠
bridge_subgraph_17042.graphml,哪种疾病在培养良好睡眠习惯和高血压管理中，需要针对不同性别进行特别的护理？,失眠
bridge_subgraph_17043.graphml,哪种疾病在治疗过程中需要结合生活方式干预和高压氧治疗，并且患者常表现出注意力集中困难，同时还需要护理干预的支持？,失眠
bridge_subgraph_17048.graphml,哪种疾病在常规化疗和姑息切除术后常伴随腹痛和疼痛？,青年人直肠癌
bridge_subgraph_17047.graphml,哪种疾病在治疗过程中通常会同时采用放松疗法和温针灸，并且常与子宫肌瘤和化疗相关？,失眠
bridge_subgraph_17046.graphml,哪种疾病会导致同学矛盾、肥胖，并且吸烟可能是其病因之一，同时后溪穴位按摩能辅助治疗？,失眠
bridge_subgraph_17039.graphml,哪种疾病在独生子女中更易发生，且可能导致类风湿关节炎，同时常伴随疼痛，并可通过中药辅助治疗？,失眠
bridge_subgraph_17040.graphml,哪种疾病在服用文拉法辛治疗时，容易并发肾实质性疾病，且患者常伴有慢性胃炎和不寐症状？,失眠
bridge_subgraph_17037.graphml,哪种疾病在治疗时通常会联合使用参苓健脾丸和参苓白术健脾颗粒，并且常伴随慢性胃炎，辅以中药穴位贴敷？,脾胃虚弱型
bridge_subgraph_17044.graphml,哪种疾病会导致血压和血糖控制不理想，并在老年RA患者中表现为心电图异常，同时需要使用谷维素进行治疗？,失眠
bridge_subgraph_17053.graphml,哪种疾病既可能导致可疑失眠和胆怯，又常与高血压和心力衰竭同时出现？,失眠
bridge_subgraph_17041.graphml,哪种疾病在手术治疗过程中，通常会同时涉及结直肠肿瘤和腹横筋膜阻滞，且可能与慢性阻塞性肺疾病及恶性肿瘤相关？,腹腔镜结直肠手术
bridge_subgraph_17052.graphml,哪种疾病在发病率上占9.0%，且在临床表现上与中药制药、肿瘤和乳腺癌同时相关？,失眠
bridge_subgraph_17049.graphml,哪种疾病在表现为失眠的同时，属于HER-2阳性乳腺癌，且在进行光热治疗后容易出现恶心症状？,乳腺癌
bridge_subgraph_17051.graphml,哪种医学内容在处理弓形体感染时，既需要结合化学发光免疫分析，又必须同时考虑常规护理和心理护理干预？,异常妊娠
bridge_subgraph_17056.graphml,哪种疾病会导致间歇低氧和高血压，并常与脑卒中和原发性高血压同时出现？,靶器官损伤
bridge_subgraph_17050.graphml,哪种疾病在治疗过程中需要严格卧床的保守治疗，且可能引发失血性休克，同时常伴随中医护理干预和骨质疏松这一高危因素？,老年骨盆骨折
bridge_subgraph_17065.graphml,哪种社会学理论能够解释上腔静脉阻塞和失眠与布加综合征及恶性肿瘤之间的关联？,肿瘤
bridge_subgraph_17060.graphml,哪种疾病在治疗过程中需要同时使用阿托品和丙泊酚联合芬太尼，并且辅以健康教育和护理干预？,人流手术
bridge_subgraph_17058.graphml,哪种疾病会导致食欲丧失，并需要通过针刺法配合循经闪罐法治疗，同时患者的心肌酶和心电图也会出现异常？,失眠
bridge_subgraph_17059.graphml,哪种疾病既有糖尿病的风险评估因素，又常与慢性肾衰竭的临床表现和2型糖尿病的并发症同时出现？,波动性高血糖
bridge_subgraph_17068.graphml,哪种疾病表现为总睡眠时间不足、失眠后反应，并且可能需要通过高压氧治疗来辅助治疗？,失眠
bridge_subgraph_17057.graphml,哪种疾病与β-肌球蛋白重链和肌钙蛋白T2基因第2～16外显子直接相关，且常伴有心血管疾病和心电图异常？,家族性肥厚型心肌病
bridge_subgraph_17064.graphml,哪种疾病在实验室检查中常用western blot法和免疫组化，且在治疗时常伴随使用右美托咪定和褪黑素？,海马神经元
bridge_subgraph_17061.graphml,哪种疾病在BIS指导麻醉深度监测下，与肝癌及其相关病变如肝硬化和原发性肝癌的手术治疗中最为常见？,肝脏部分切除术
bridge_subgraph_17054.graphml,哪种疾病适合采用傣医焐药治疗，并辅以阿是穴痛点封闭、拔罐和常规治疗？,顽固性肩周炎
bridge_subgraph_17055.graphml,哪种疾病在治疗过程中需要同时使用通脉颗粒和氯吡格雷，并且需要通过6分钟步行试验来辅助诊断，以与冠心病进行鉴别？,劳力性心绞痛
bridge_subgraph_17072.graphml,哪种医学内容既能自拟中药方剂减轻生理病理不适，又与吸烟和乳腺癌相关？,失眠
bridge_subgraph_17062.graphml,哪种疾病在女性中较为常见，且在治疗过程中常需辅助光疗和护理干预治疗，同时需要关注血脂水平的实验室检查？,失眠
bridge_subgraph_17066.graphml,哪种疾病在采用程序化管理干预和微创治疗的同时，还需要结合肝病病理分型进行常规护理？,肝胆外科疾病
bridge_subgraph_17070.graphml,哪种疾病会导致担心伤病预后和恶心，且在心内科患者中发生率约为1.67%？,失眠
bridge_subgraph_17063.graphml,哪种疾病在临床上常表现为冠心病，且实验室检查显示颈、椎动脉血流阻力指数异常，同时可能伴有高血压和乳腺癌的症状？,失眠
bridge_subgraph_17076.graphml,哪种疾病在疏肝理气辅助治疗的同时，常因压力因素引起，并伴随发热和食欲不振的症状？,失眠
bridge_subgraph_17077.graphml,哪种医学内容能解释老年男性2型糖尿病患者血清肌酐水平显著增高的现象？,肾功能不全组
bridge_subgraph_17071.graphml,哪种疾病在急性高原缺氧情况下，使用氟比洛芬酯治疗时，常伴有呕吐和恶心的症状？,F组
bridge_subgraph_17081.graphml,哪种疾病在出现脑力疲劳和脑卒中后抑郁的同时，通常需要配合心理疏导和健康教育进行辅助治疗？,失眠
bridge_subgraph_17067.graphml,哪种疾病在治疗过程中需要结合交泰丸加减、中医情志护理，并常与综合护理和胆汁淤积同时出现？,失眠
bridge_subgraph_17069.graphml,哪种疾病在考前会出现心理障碍，并可能伴有脑卒中和食管癌的临床表现，适合使用益气活血安神汤进行治疗？,失眠
bridge_subgraph_17078.graphml,哪种疾病容易引发心脑血管并发症和营养不良，且常与心血管疾病同时出现，需要配合常规护理进行治疗？,老年慢性肾衰
bridge_subgraph_17073.graphml,哪种疾病在烟草烟雾暴露的情况下，与RA同时出现的概率较高，是慢性阻塞性肺疾病还是肺癌？,肺功能降低
bridge_subgraph_17079.graphml,哪种疾病会导致aEEG异常和局限性异常，并且常常伴随脑电图异常和发热？,重度异常
bridge_subgraph_17075.graphml,哪种疾病会导致易衰弱、疲乏无力配提免穴、反应迟缓，且常与乳腺癌化疗和静脉炎同时出现？,失眠
bridge_subgraph_17091.graphml,哪种疾病会导致口周皮炎，同时在四肢及头皮出现疼痛和皮疹？,弥漫性红斑
bridge_subgraph_17074.graphml,哪种疾病在老年期痴呆的临床表现中，常伴随胃癌和结肠癌的并发症，且可以通过脾胰耳穴磁珠贴压进行辅助治疗？,失眠
bridge_subgraph_17083.graphml,哪种疾病在进行康复训练和针刺的同时，还需要结合心理干预和康复护理作为辅助治疗？,脑卒中后言语障碍
bridge_subgraph_17088.graphml,哪种疾病在苔薄的临床表现下，适合通过疏肝理气、常规护理以及综合护理干预来进行辅助治疗？,失眠
bridge_subgraph_17082.graphml,哪种疾病在老年人群中常见，临床表现主要为冠心病，且在治疗过程中常需使用催眠类药物并辅以循证护理？,失眠
bridge_subgraph_17092.graphml,哪种疾病在治疗时常用礞石滚痰丸或黄连阿胶汤加减联合地西泮，且常表现为脾部不适和腹胀？,失眠
bridge_subgraph_17090.graphml,哪种疾病既适合用温泉水疗法和常规穴组治疗，又常伴随血压增高和癫痫症状？,失眠
bridge_subgraph_17094.graphml,哪种疾病常表现为腹胀和呕吐，且需要使用多潘立酮或促动力药进行治疗？,PBRG
bridge_subgraph_17080.graphml,哪种疾病在患者中占比高达18.51%，并且有3.4%的几率与急性心肌梗死和心律失常同时出现？,束支阻滞
bridge_subgraph_17093.graphml,哪种疾病在临床表现为焦虑和神经系统症状，且常通过中医综合疗法和心理护理进行辅助治疗？,失眠
bridge_subgraph_17097.graphml,哪种疾病在采用背俞穴放血治疗的同时，还需要进行心理疏导，且患者中高血压的比例高达52.3%？,失眠
bridge_subgraph_17084.graphml,哪种疾病在临床表现上既有乏力又有乳腺癌，且其治疗可能涉及舒眠胶囊，同时精神心理因素也是其重要病因？,失眠
bridge_subgraph_17087.graphml,哪种疾病在治疗过程中需要同时使用丙泊酚药物和人工流产综合征手术，并结合综合护理干预及护理干预作为辅助治疗？,无痛人工流产手术
bridge_subgraph_17089.graphml,哪种疾病会导致血清25(OH)D3水平下降，常需使用苯二氮NFDA1类药物进行治疗，且往往与糖尿病和高血压同时出现？,失眠
bridge_subgraph_17105.graphml,哪种疾病会导致2级EH和SHR，并伴随头晕和水肿的症状？,氨氯地平组
bridge_subgraph_17108.graphml,哪种症状表明糖尿病可能同时伴有眼肌麻痹和急性垂体卒中？,头痛
bridge_subgraph_17085.graphml,哪种疾病会导致急起行为异常5天，并伴有浅表型胃炎、发热和呕吐的症状？,失眠
bridge_subgraph_17096.graphml,哪种疾病在采用免疫三氧疗法和氯硝西泮片治疗的同时，特别受年龄和性别因素的影响？,失眠
bridge_subgraph_17086.graphml,哪种疾病在临床表现上既有躁狂症又有抑郁症，且在药物治疗中需要使用安寐，同时抑郁也是其常见的并发症？,失眠
bridge_subgraph_17099.graphml,哪种疾病需要通过睡眠卫生指导和改变生活习惯及环境来辅助治疗，并且常伴随疲乏和嗳气的症状？,失眠
bridge_subgraph_17102.graphml,哪种疾病在进行翻修手术治疗后易出现PAO和n2并发症，且常伴有贫血症状？,术区感染
bridge_subgraph_17101.graphml,哪种其他治疗在辅助治疗2型糖尿病和失眠的同时，也适用于高压氧治疗和直肠癌的辅助治疗？,心理护理
bridge_subgraph_17098.graphml,哪种疾病在采用疏肝调神针刺法辅助治疗时，常表现为冠心病心律失常，且患者同时存在骨质疏松和不适症状？,失眠
bridge_subgraph_17095.graphml,哪种疾病在心悸症的病理分型中，西药停减率较高，且常伴随血脂异常和颈动脉超声检查异常？,心病
bridge_subgraph_17103.graphml,哪种疾病在药物治疗上与高尿酸血症相关，且其病因常与炙甘草、石膏和人参同时出现？,原方
bridge_subgraph_17107.graphml,哪种社会学理论能更好地解释左心室舒张功能障碍导致急性心肌梗死时，整体护理如何辅助治疗，并与HCM进行鉴别诊断？,高血压
bridge_subgraph_17100.graphml,哪种疾病在男性中更常见，且临床表现包括-GS和职业倦怠，同时紧张感是其风险评估因素？,情绪耗竭
bridge_subgraph_17109.graphml,哪种疾病更容易继发真菌感染，是婴幼儿腹泻还是与其同时出现的胃癌或肺炎？,丽珠肠乐
bridge_subgraph_17104.graphml,哪种疾病在治疗时通常会同时使用马来酸桂哌齐特、灯盏花素注射液、丹参注射液和银丹心脑通软胶囊？,椎-基底动脉缺血性眩晕
bridge_subgraph_17110.graphml,哪种医学内容在新型冠状病毒肺炎疫情期间与艾司佐匹克隆同时出现时，可能会导致腹痛和体重减轻？,失眠
bridge_subgraph_17113.graphml,哪种疾病在治疗过程中需要结合Kapandji技术和尺神经松解手术，并辅以康复护理和护理干预？,伸直型桡骨远端骨折
bridge_subgraph_17106.graphml,哪种疾病在使用天王补心丹治疗的同时，疼痛是其主要临床表现，且护理干预对病情控制至关重要，其发病率高达45.03%？,失眠
bridge_subgraph_17112.graphml,哪种疾病会导致睡觉体位不当和Hp感染，同时出现心悸症状，且可以通过茯苓和远志治疗？,失眠
bridge_subgraph_17111.graphml,哪种疾病会导致五脏失调，并表现为扭曲、头痛和呕吐？,失眠
bridge_subgraph_17118.graphml,哪种疾病在逆行输尿管插管和输尿管镜弹道碎石术后常伴随疼痛和感染？,妊娠合并输尿管结石
bridge_subgraph_17116.graphml,哪种疾病会导致听力损失（尤其是需要人工耳蜗植入术治疗），并且常伴有眩晕和耳鸣？,极重度聋
bridge_subgraph_17121.graphml,哪种疾病在女性中常见，且常伴随心理障碍，需要综合治疗？,失眠
bridge_subgraph_17114.graphml,哪种疾病在采用耳穴压豆治疗作为辅助手段，并使用氯氮平药物治疗时，常伴随出现呕吐和皮疹的临床表现？,失眠
bridge_subgraph_17115.graphml,哪种疾病会导致肢体制动、阿森斯失眠量表评分异常，并且常在神经内科就诊时伴随抑郁状态？,失眠
bridge_subgraph_17119.graphml,哪种疾病在男性中较为常见，且通过SCL-90量表辅助检查，临床表现为自伤及跌伤，并需要心理护理作为辅助治疗？,失眠
bridge_subgraph_17125.graphml,哪种疾病既可能导致眶壁骨折和软组织挛缩，又常与恶性肿瘤和COPD同时出现？,运动受限
bridge_subgraph_17129.graphml,哪种疾病在帕罗西汀联合小剂量奥氮平治疗时，同时出现高血压病史和胸闷症状？,失眠
bridge_subgraph_17117.graphml,哪种疾病在治疗时常用人参归脾丸，并辅以三阴交调理，且患者常表现为头昏和腹胀？,失眠
bridge_subgraph_17128.graphml,哪种疾病会导致左房扩大和左室扩大，并常伴有心力衰竭，尤其在女性中更为常见？,二尖瓣钙化
bridge_subgraph_17122.graphml,哪种疾病在出现呕吐和腹痛的同时，常需使用无创双水平正压机械通气，且可能引发继发性急性假性结肠梗阻？,ACPO
bridge_subgraph_17120.graphml,哪种疾病在治疗时常用地西泮药物，并辅以艾灸结合穴位贴敷，且患者常表现出头痛和疲乏无力的症状？,失眠
bridge_subgraph_17123.graphml,哪种社会学理论能更好地解释ALP水平与肝移植术后肾功能变化之间的关系，并考虑年龄和痰瘀互结证的影响？,高血压
bridge_subgraph_17126.graphml,哪种疾病常伴随躯体化障碍和阿森斯失眠量表高分，同时患者心肌酶和血常规指标也可能出现异常？,失眠
bridge_subgraph_17127.graphml,哪种社会学理论能够解释子宫内膜癌（子宫颈癌根治术）与耳穴按压、一般护理等辅助治疗手段之间的相互作用？,恶性肿瘤
bridge_subgraph_17137.graphml,哪种疾病因线粒体功能异常导致厌食，且常用艾灸和归脾汤加减进行辅助和药物治疗？,癌性恶病质
bridge_subgraph_17138.graphml,哪种疾病既可能导致眼病和癌性恶病质，又常与COPD的临床表现和帕金森病的病因同时出现？,线粒体功能异常
bridge_subgraph_17130.graphml,哪种疾病既有不良孕产史和肺部疾病史，又常与非小细胞肺癌和原发性高血压同时出现？,高龄组
bridge_subgraph_17140.graphml,哪种疾病在治疗过程中需要全面综合护理和延续护理，并且常常伴随着行为干预和心理护理？,直肠癌手术
bridge_subgraph_17132.graphml,哪种疾病会导致坏死性肉芽肿性血管炎（WG），并常伴随发热和眼科症状？,Wegener肉芽肿
bridge_subgraph_17139.graphml,哪种疾病在表现为烦躁时，适合采用透灸结合针刺治疗，并且常与抑郁症和急性缺血性卒中同时出现？,失眠
bridge_subgraph_17133.graphml,哪种疾病可能由乳头凹陷和分娩方式引起，并常伴随精神因素，需要护理干预辅助治疗？,产妇泌乳不足
bridge_subgraph_17124.graphml,哪种医学内容与牙周龈沟液量、天冬氨酸转氨酶直接相关，且常与吸烟和酶联免疫吸附试验同时出现？,GCF
bridge_subgraph_17135.graphml,哪种疾病在治疗时常用助眠药，并伴随记忆/注意障碍，且常与氯氮平和阿立哌唑同时使用？,失眠
bridge_subgraph_17136.graphml,哪种疾病在表现为纳差的同时，还伴随发热和皮疹，且病理上属于正气虚损的类型？,热型
bridge_subgraph_17134.graphml,哪种医学内容能有效缓解因考试压力过大导致的抑郁，同时可以与心理干预和苯二氮(艹卓)类药物联合使用？,失眠
bridge_subgraph_17143.graphml,哪种疾病在服用抗癫痫药物的同时，还需使用坦度螺酮，且会因健康教育不足导致生活质量下降？,青少年癫痫
bridge_subgraph_17142.graphml,哪种疾病在使用痔疮膏治疗的同时，还可能伴随面肌痉挛和眩晕，且与多形性红斑有关？,口唇疱疹
bridge_subgraph_17144.graphml,哪种疾病会导致自身身体状况出现心脾两虚型，同时伴随呕吐和发热的症状？,失眠
bridge_subgraph_17131.graphml,哪种疾病在采用安神补脑软胶囊和苯二氮卓类药物治疗后，配合常规护理干预，能有效改善轻度认知功能障碍？,失眠
bridge_subgraph_17146.graphml,哪种疾病既有重性抑郁障碍的临床表现，又与心理精神因素密切相关，同时还可能出现恶心和便秘的症状？,失眠
bridge_subgraph_17141.graphml,哪种疾病在治疗过程中常联合使用丙戊酸钠，并且与齐拉西酮和阿立哌唑同时出现，例如在治疗精神分裂症时？,早期精神分裂症
bridge_subgraph_17151.graphml,哪种疾病既可能导致乳腺癌和咯血，又常与较差的预后和结肠癌同时出现？,气管支气管转移癌
bridge_subgraph_17153.graphml,哪种疾病在治疗时需要使用安宫牛黄丸和抗血小板药，且患者常伴有腹泻症状，其病因可能与高压氧有关？,颅脑外伤昏迷
bridge_subgraph_17160.graphml,哪种疾病在用链霉素治疗时，常伴随发热、食欲减退和气促等症状？,左上局灶型肺结核
bridge_subgraph_17145.graphml,哪种疾病在MR脑灌注成像和流式细胞技术检查中常见，且常伴随颈肩痛和头痛症状？,非脑血管病
bridge_subgraph_17155.graphml,哪种疾病在老年人中采用归脾汤加减治疗，并结合常规护理干预和脉冲针刺效果最佳？,失眠
bridge_subgraph_17156.graphml,哪种疾病在年龄较大的人群中高发，且需要通过助眠药物治疗，同时配合涌泉穴贴敷和一般护理来辅助治疗？,失眠
bridge_subgraph_17149.graphml,哪种疾病会导致血小板减少、进展性肝纤维化，并常伴有肝硬化和N2的出现？,糖尿病
bridge_subgraph_17154.graphml,哪种疾病在治疗过程中特别需要做好心理护理和合理处理伤口，并且常常需要护理干预和全面的护理支持？,过敏性水疱性皮炎
bridge_subgraph_17150.graphml,哪种疾病在X线和MRI检查中表现明显，且常见于混合型和恶性肿瘤的病理分型？,乳腺癌
bridge_subgraph_17147.graphml,哪种疾病发病率高达15.1%，常通过镇静催眠药治疗，且与Hp感染相关，临床表现为呕吐？,失眠
bridge_subgraph_17157.graphml,哪种疾病需要综合护理辅助治疗，并常伴随使用星状神经节阻滞、多塞平片和多虑平等药物治疗？,失眠
bridge_subgraph_17148.graphml,哪种疾病在治疗过程中常联合使用顺铂和氟尿嘧啶，并且需要配合FTS和健康教育？,胃肠恶性肿瘤
bridge_subgraph_17158.graphml,哪种疾病在治疗过程中常使用右佐匹克隆药物，并伴随腰背痛症状，同时针灸和高压氧作为辅助治疗手段？,失眠
bridge_subgraph_17166.graphml,哪种疾病在采用甲泼尼龙冲击治疗时，常伴随尿少、恶心和呕吐的症状？,新月体性IgA肾病
bridge_subgraph_17159.graphml,哪种疾病在治疗过程中会同时使用黄连温胆汤加减和酶联免疫吸附试验，并且患者常伴有精神分裂症和呕吐症状？,失眠
bridge_subgraph_17162.graphml,哪种疾病会导致记忆力不集中，同时伴随抑郁症状，其病因可能与强迫有关，治疗时可辅助以滋阴降火的方法？,失眠
bridge_subgraph_17161.graphml,哪种疾病在术后疼痛和精神疾病的双重影响下，需要通过镇静催眠药治疗，并辅以针灸疗法？,失眠
bridge_subgraph_17164.graphml,哪种疾病既表现为终末期肾衰和酒精性肝病的症状，又可能与药物因素和性别有关？,失眠
bridge_subgraph_17173.graphml,哪种医学内容在涉及GFAP和铝中毒的同时，也与高压氧治疗和疼痛相关？,中枢神经损伤
bridge_subgraph_17171.graphml,哪种疾病在出现眩晕时，常需要使用安神中药，并且可能伴随SBP异常和肿瘤的情况？,失眠
bridge_subgraph_17152.graphml,哪种疾病在治疗过程中，齐哌西酮的使用与阳虚质患者更为相关，且需要特别区分常规护理和综合护理的差异？,失眠
bridge_subgraph_17167.graphml,哪种医学内容既能有效确立整体治法，缓解颈背部肌肉酸痛，又能同时应对抑郁和焦虑问题？,失眠
bridge_subgraph_17169.graphml,哪种疾病既有冠心病的临床表现，又与焦虑和抑郁等心理问题密切相关？,失眠
bridge_subgraph_17165.graphml,哪种社会学理论能更好地解释颈动脉硬化斑块和老年2型糖尿病与脑梗死及CAS之间的关联？,高血压
bridge_subgraph_17163.graphml,哪种疾病会导致周围神经损害并引发炎症反应，且在磁共振成像中有明显表现，同时常与糖尿病相伴？,脱髓鞘
bridge_subgraph_17170.graphml,哪种疾病在李滋平的药物治疗下，常表现为失眠，且拔罐和针刺治疗可作为辅助疗法？,颈椎病颈痛
bridge_subgraph_17168.graphml,哪种疾病在使用郁乐疏合剂和针刺加音乐疗法的同时，还常伴有发热和贫血的症状？,失眠
bridge_subgraph_17174.graphml,哪种医学内容在针刺加穴位注射和术后谵妄的治疗中，常与皮疹和贫血同时出现？,失眠
bridge_subgraph_17172.graphml,哪种疾病会导致心律失常并伴随头痛，且可以通过温泉水联合运动辅助治疗，通常需要去心内科就诊？,失眠
bridge_subgraph_17175.graphml,哪种疾病在长新冠的临床表现中，与心理精神因素密切相关，且需要通过综合护理及综合护理干预来进行辅助治疗？,失眠
bridge_subgraph_17183.graphml,哪种疾病在治疗过程中需要特别注意饮食护理和栓塞术，并且还需要配合护理措施和舒适护理？,肺结核咳血
bridge_subgraph_17181.graphml,哪种疾病在治疗过程中需要结合步行和协助排痰，并且通常还会配合常规护理和心理治疗？,康复组
bridge_subgraph_17177.graphml,哪种疾病在痰热内扰型病理分型下，采用西酞普兰合并乌灵胶囊治疗，且常伴随VAS疼痛和腹痛的临床表现？,失眠
bridge_subgraph_17179.graphml,哪种疾病既常见于老年抑郁症患者并伴随失眠，又可能在急性缺血性卒中患者中出现，且与心房颤动和年龄增长密切相关？,失眠
bridge_subgraph_17185.graphml,哪种医学内容与慢性肝病和窒息直接相关，且常与冠心病和慢性乙型肝炎同时出现？,血清TBA
bridge_subgraph_17184.graphml,哪种疾病在使用64层螺旋CT三维重建技术诊断时，常伴有骨折，且男性患者较多需要手术治疗？,舟状骨骨折
bridge_subgraph_17186.graphml,哪种症状既是失眠和白塞病的临床表现，又常与小血管炎和感染性疾病同时出现？,发热
bridge_subgraph_17180.graphml,哪种疾病会导致头痛、发热，并且与VAH（同义词）及立克次体病有关？,斑点热
bridge_subgraph_17182.graphml,哪种疾病既与常年性变应性鼻炎和隐性感染直接相关，又常需认知行为治疗和丁螺环酮联合干预？,焦虑性障碍
bridge_subgraph_17187.graphml,哪种疾病需要同时采用密闭式碳酸氢盐血液透析和开放式碳酸氢盐透析液，并结合个体化护理干预和血液透析进行治疗？,老年肾衰
bridge_subgraph_17176.graphml,哪种疾病在治疗过程中需要特别注重饮食护理和健康教育，同时心理护理也是不可或缺的，且不良生活习惯是其主要的高危因素？,原发性骨质疏松性骨折
bridge_subgraph_17193.graphml,哪种疾病既表现为Burnout综合征和药物不良反应，又常需通过心理治疗和森田疗法辅助治疗？,失眠
bridge_subgraph_17178.graphml,哪种疾病会导致左眼视物不清，并在高场MR、磁共振成像和磁共振检查中有所表现？,小脑血管母细胞瘤
bridge_subgraph_17191.graphml,哪种疾病在老年人中多发，女性尤为倾向，临床表现主要为虑障碍，且辅助治疗常需调和阴阳？,失眠
bridge_subgraph_17192.graphml,哪种疾病在临床表现上类似肿瘤，且病因包括虚阳浮越扰神、阴阳失调以及伴随强迫症状？,失眠
bridge_subgraph_17196.graphml,哪种疾病会导致输卵管损伤和输尿管损伤，并且常常伴随针灸推拿治疗和肿瘤的出现？,腰疼
bridge_subgraph_17188.graphml,哪种疾病可以通过穴位敷贴辅助治疗，并常伴有失眠和抑郁情绪，同时需要心理干预？,糖尿病
bridge_subgraph_17204.graphml,哪种疾病会导致肝脏肿大和AIMI合并RMI，同时伴随皮疹和发热？,三联征
bridge_subgraph_17194.graphml,哪种疾病在急性大血管闭塞性卒中（AIS）和心脏换瓣手术后最容易出现脑卒中？,桥接治疗
bridge_subgraph_17203.graphml,哪种疾病在春冬季多发，既与代谢性疾病有关又可能伴随中毒症状，并且需要通过体格检查来辅助诊断？,不明原因的昏迷
bridge_subgraph_17195.graphml,哪种疾病在治疗过程中常需使用皮质类固醇或地塞米松，并可能配合按摩和针灸进行辅助治疗？,Bell麻痹
bridge_subgraph_17190.graphml,哪种疾病在男生中较常见，表现为急性膀胱炎的临床症状，且在治疗过程中常需结合心理护理和中医护理？,失眠
bridge_subgraph_17200.graphml,哪种疾病在治疗过程中常使用希尔康合剂和短程结构式游戏治疗，并且患者常出现呕吐和头痛的症状？,失眠
bridge_subgraph_17189.graphml,哪种疾病在治疗时常用酒石酸唑吡坦药物和按摩推拿辅助，且其病因与药物因素和环境因素密切相关？,失眠
bridge_subgraph_17197.graphml,哪种疾病在治疗过程中常需用到四君子汤或磷霉素联合加替沙星，且易并发肺心病和糖尿病？,重症肺结核
bridge_subgraph_17209.graphml,哪种医学内容涉及氟伏沙明和习惯性打鼾，并常伴随头昏和头痛的现象？,失眠
bridge_subgraph_17206.graphml,哪种疾病在职业癌症的临床表现中常伴随疼痛，且需要使用谷维素治疗，同时与骨科症状相关？,失眠
bridge_subgraph_17199.graphml,哪种疾病在治疗过程中需要姜半夏配伍酸枣仁，并且患者常伴随AIS症状，同时需要进行心理护理干预以缓解恶心等不适？,失眠
bridge_subgraph_17208.graphml,哪种疾病会导致重度烧伤、自伤及跌伤，并伴随胸闷和心律失常的症状？,失眠
bridge_subgraph_17202.graphml,哪种疾病在老年冠心病患者接受芪苈强心胶囊治疗和冠脉血运重建治疗的同时，更需要进行护理干预？,冠心病合并心衰
bridge_subgraph_17198.graphml,哪种疾病在治疗时既需要养血安胎辅助，又常用白及粉药物，并且需要与先兆流产相鉴别，同时可能采用活血化瘀法辅助治疗？,胎漏
bridge_subgraph_17213.graphml,哪种疾病在CT检查中常见，且常伴随中度面瘫、面肌痉挛，并需要心理护理？,Meige综合征
bridge_subgraph_17207.graphml,哪种疾病常与不宁腿综合征、睡眠中间易醒及早醒导致的睡眠质量低下同时出现，并且可能伴随高血压病和冠心病？,失眠
bridge_subgraph_17211.graphml,哪种疾病在实验室检查中表现为nHRMR-VWI，临床表现为昏迷，且常伴有糖尿病和高血压病？,后循环急性脑梗死
bridge_subgraph_17210.graphml,哪种疾病常需要同时使用利培酮和比奎硫平，并伴随氯硝西泮和奥氮平的治疗？,精神分裂症急性期
bridge_subgraph_17205.graphml,哪种疾病在临床表现上既有尼群地平引起的症状，又有发热，且其病因与吸烟有关，治疗时常用氟哌噻吨美利曲辛？,失眠
bridge_subgraph_17201.graphml,哪种疾病在老年人中多发，且常表现为焦虑，适合采用小针刀疗法辅助治疗和系统性放、化疗？,此病
bridge_subgraph_17215.graphml,哪种疾病在采用多重MIA法检测时，常伴随直肠炎、恶心症状，并且需要进行酶联免疫吸附试验来辅助诊断？,隐孢子虫感染
bridge_subgraph_17214.graphml,哪种疾病在采用生活起居疗法和加强护理干预作为辅助治疗的同时，常与糖尿病尤其是2型糖尿病相关？,失眠
bridge_subgraph_17219.graphml,哪种疾病会出现咳嗽、肺部影像学改变，并伴随头痛和上呼吸道感染的症状？,hMPV感染
bridge_subgraph_17218.graphml,哪种检查在急性心肌梗死和急性冠状动脉综合征并发心源性休克时，对AMI的诊断最为关键？,心电图
bridge_subgraph_17221.graphml,哪种社会学理论能解释多囊卵巢综合征和阻塞性睡眠呼吸暂停的并发症，以及糖尿病肾病的高危因素和失眠的临床表现之间的关联？,高血压
bridge_subgraph_17216.graphml,哪种疾病在老年髋部骨折患者中使用平肝安神汤治疗时，常与糖尿病或2型糖尿病同时出现？,失眠
bridge_subgraph_17224.graphml,哪种疾病在高龄老人中多发，且临床表现包括阳虚质、拔管综合征，并常与癌症同时出现？,失眠
bridge_subgraph_17222.graphml,哪种疾病因脾胃失调引起，在米氮平组治疗中常见，且在采用穴位贴敷辅助治疗后易出现支气管哮喘症状？,失眠
bridge_subgraph_17223.graphml,哪种疾病在糖尿病病程长、严重的下肢动脉病变，且患者年龄大、有吸烟习惯的情况下，更容易发生？,足截肢
bridge_subgraph_17217.graphml,哪种疾病会导致不得眠，并且在进行脑电超慢涨落图检测时常伴有原发性高血压或高血压病的表现？,失眠
bridge_subgraph_17234.graphml,哪种疾病会导致咳嗽、呼吸困难，并伴随腹泻和发热？,H5N1人禽流感
bridge_subgraph_17227.graphml,哪种疾病在治疗过程中需要同时采用人工肝支持治疗系统、心理干预和循证护理？,ALSS
bridge_subgraph_17226.graphml,哪种疾病在肺癌和神经内科睡眠门诊治疗中，与舒适护理和支气管哮喘同时出现？,失眠
bridge_subgraph_17212.graphml,哪种症状更可能是胸痛伴发脑膜刺激症，而不是在高压氧治疗期间出现的心悸？,头痛
bridge_subgraph_17220.graphml,哪种疾病在采用积极心理学团体干预作为辅助治疗的同时，其临床表现常涉及DC-CIK治疗，且与乳腺癌及恶性肿瘤相关？,失眠
bridge_subgraph_17225.graphml,哪种疾病在治疗时通常会采用涌泉穴贴敷和脑电图检查，并配合口服安神补脑液和背部推拿法？,失眠
bridge_subgraph_17228.graphml,哪种疾病在经过醒寤晨方与安寐治疗后，仍会出现心悸症状，且心电图检查异常，同时病因与创伤后应激障碍有关？,失眠
bridge_subgraph_17237.graphml,哪种疾病既可能表现为下壁心肌梗死和失眠，又常伴随心律失常，同时增加焦虑抑郁情绪的风险？,心肌梗死
bridge_subgraph_17231.graphml,哪种疾病会导致醒后难再入睡，且在使用苯二氮卓类药物的同时，还常伴随糖尿病和FK506的使用？,失眠
bridge_subgraph_17235.graphml,哪种疾病既可能导致抑郁心理和凌晨早醒，又常与脑肿瘤和脑电图异常同时出现？,失眠
bridge_subgraph_17238.graphml,哪种疾病会出现咳嗽、排尿不畅，并伴随腹泻和排尿困难？,泌尿系统症状
bridge_subgraph_17232.graphml,哪种医学内容既与躯体疾病、睡眠日记直接相关，又常与高血压、头痛同时出现？,失眠
bridge_subgraph_17230.graphml,哪种疾病在治疗过程中需要同时进行外周静脉输血和经皮胆红素检测，并且常伴随血常规检查和光疗？,重症高胆红素血症
bridge_subgraph_17229.graphml,哪种疾病在采用透灸和失眠饮食养生学疗法的同时，还需要结合循证护理来辅助治疗贫血？,失眠
bridge_subgraph_17242.graphml,哪种疾病在同时出现失眠和哺乳期乳腺炎的情况下，更容易引发抑郁或乳腺癌？,乳房疼痛
bridge_subgraph_17239.graphml,哪种疾病会导致睡眠中断和记忆力不集中，且常与吸烟有关，饮酒可能作为辅助治疗手段？,失眠
bridge_subgraph_17233.graphml,哪种医学内容在处理失眠严重程度指数量表评估结果时，更注重结合舒适卧位和优质护理，而非仅依赖常规护理？,失眠
bridge_subgraph_17246.graphml,哪种疾病既与T2DM（即2型糖尿病）直接相关，又可能导致失眠，同时还常伴有骨质疏松这一并发症？,2型糖尿病
bridge_subgraph_17243.graphml,哪种疾病需要同时采用系统脱敏和皮椎体成形术，并且可能伴随使用生物反馈疗法和奥氮平进行治疗？,ANV
bridge_subgraph_17241.graphml,哪种疾病会导致逼真梦境，并伴随牙周炎症状，同时与糖尿病相关，可能需要通过免疫三氧治疗？,失眠
bridge_subgraph_17236.graphml,哪种疾病在神经内科中常见，且针灸配合耳穴治疗对其虚、痰症状有显著效果，并常与卒中同时出现？,失眠
bridge_subgraph_17250.graphml,哪种疾病在采用五苓散治疗的同时，常伴随功能性便秘、糖尿病周围神经病变以及MCI的出现？,阳虚型
bridge_subgraph_17251.graphml,哪种社会学理论能够解释鳞癌和原发性肝癌在胸部CT影像中的表现差异，并有助于恶性肿瘤的鉴别诊断？,肿瘤
bridge_subgraph_17247.graphml,哪种疾病会出现突眼和颈强直，同时伴随耳鸣和头晕的症状？,直立性头痛
bridge_subgraph_17245.graphml,哪种疾病在基线肌酐水平升高、围手术期平均动脉压降低的同时，还常伴有COPD和高血脂的风险？,POAF
bridge_subgraph_17240.graphml,哪种疾病在手术时间较长和吸烟情况下风险更高，且常伴随体重指数偏高和吸烟等高危因素？,CABG后低氧血症
bridge_subgraph_17244.graphml,哪种疾病在药物治疗中常需使用镇定类药物，且患者每周体育活动较少，常伴有腹胀症状，并需要通过舒适护理来辅助治疗？,失眠
bridge_subgraph_17252.graphml,哪种疾病会导致致命性家族性失眠、自主神经功能及运动障碍，并且常常伴随着护理难度增加和记忆力下降？,家族性致死性失眠症
bridge_subgraph_17256.graphml,哪种疾病在采用中药穴位贴敷法进行辅助治疗的同时，常伴随抑郁并发症和焦虑的临床表现？,失眠
bridge_subgraph_17249.graphml,哪种疾病在老年急性心肌梗塞的高危因素下，使用苯二氮类药物治疗后，常伴随子宫肌瘤和腹痛的临床表现？,失眠
bridge_subgraph_17254.graphml,哪种社会学理论能够解释房性期前收缩和失眠之间的关系，并涉及到参松养心胶囊的使用和心电图的变化？,心律失常
bridge_subgraph_17263.graphml,哪种疾病在PND中出现比例高达5％～25％，并且常与抑郁症及使用抑郁自评量表的情况相伴？,围产期抑郁
bridge_subgraph_17253.graphml,哪种疾病在确立整体治法时常用瑜伽作为辅助治疗，且患者常伴有心悸和头晕的症状？,失眠
bridge_subgraph_17255.graphml,哪种疾病容易导致女性腰痛，并且可以通过针灸配合耳穴治疗和镇静手段进行辅助治疗？,失眠
bridge_subgraph_17265.graphml,哪种疾病会导致夜间入睡困难、腹痛，并且常伴有血常规异常和恶心？,失眠
bridge_subgraph_17260.graphml,哪种医学内容能解释在使用脑功能保健仪后症状消失，同时伴随发热和小檗碱的情况？,失眠
bridge_subgraph_17259.graphml,哪种疾病可以通过石菖蒲药物治疗，并且常常伴随帕金森病的临床表现，同时适合采用刮痧和推拿作为辅助治疗？,失眠
bridge_subgraph_17264.graphml,哪种疾病会导致肌痛和体位性头痛，同时伴随皮疹和发热？,继发
bridge_subgraph_17271.graphml,哪种疾病在采用中医特色护理技术治疗时，常与牙周炎、结肠癌和糖尿病同时出现？,失眠
bridge_subgraph_17258.graphml,哪种疾病在隐睾并发症中常见，且在进行MRU影像学检查时常伴随发热和感染症状？,重复肾
bridge_subgraph_17267.graphml,哪种疾病既会出现淤胆型肝炎和乙型肝炎的临床表现，又伴随心悸和血压增高的症状？,失眠
bridge_subgraph_17270.graphml,哪种疾病在微孔板法检查中常见，并表现为周围神经炎及恶心，主要影响神经系统？,Lzd
bridge_subgraph_17272.graphml,哪种疾病会导致老年糖尿病合并抑郁症，并伴随呕吐、恶心及腹泻的症状？,失眠
bridge_subgraph_17248.graphml,哪种疾病会导致睡眠质量下降、夜间易醒，且常与吸烟习惯和血脂异常有关？,失眠
bridge_subgraph_17262.graphml,哪种疾病既表现为精神疲劳和终末期肾衰，又常伴随亚健康状态和强迫症状？,失眠
bridge_subgraph_17257.graphml,哪种疾病最适合采用热滚动按摩和温灸联合点穴按摩，且常与普通按摩和暗示疗法一同作为辅助治疗手段？,骨科术后尿潴留
bridge_subgraph_17268.graphml,哪种疾病在神经内科就诊时，需要结合膳食中药调理、心理干预作为辅助治疗，并配合认知训练联合药物治疗？,早中期AD
bridge_subgraph_17261.graphml,哪种疾病在老年糖尿病患者中常合并抑郁症，且通过心理生理评估发现，同时伴有腹胀和腹痛的临床表现？,失眠
bridge_subgraph_17269.graphml,哪种疾病在患者出现恶心和头痛的同时，常通过焦虑与抑郁自评量表进行辅助检查，并可能采用高压电位治疗作为辅助疗法？,失眠
bridge_subgraph_17266.graphml,哪种疾病在辅助治疗时常用腧穴配伍，且实验室检查需关注肝功八项，同时患者常伴有头痛和发热症状？,失眠
bridge_subgraph_17274.graphml,哪种疾病在采用新型口腔护理方法和缩减约束方案的同时，还需要进行护理干预和镇静处理？,ICU气管插管
bridge_subgraph_17277.graphml,哪种疾病会导致LDL-C升高和ST/HR斜率异常，且常与性别差异和心电图改变同时出现？,冠心病疾病
bridge_subgraph_17273.graphml,哪种社会学研究能帮助我们更好地理解胶质瘤和舌癌的病理分型，以及原发性肝癌的病理分型与多发性硬化的鉴别诊断之间的关系？,肿瘤
bridge_subgraph_17275.graphml,哪种疾病在治疗时需要使用失荅刺知丸，并配合针灸和心理疗法，且在临床表现为冠心病，同时在辅助治疗中建议戒酒的？,失眠
bridge_subgraph_17276.graphml,哪种疾病在风险评估中常涉及强迫、人际关系敏感和抑郁，临床表现以头痛为主，且在治疗过程中常需结合健康教育和心理护理？,失眠
bridge_subgraph_17282.graphml,哪种疾病在治疗时需使用唑吡坦类药物，并通过证候诊断辅助检查，且患者常伴有乳腺癌和恶心症状？,失眠
bridge_subgraph_17288.graphml,哪种疾病既与脑性瘫痪和原发性肝癌直接相关，又常伴随发热和上火症状？,失眠
bridge_subgraph_17284.graphml,哪种疾病既有高危因素WMSDs和植物神经功能紊乱性头晕，又常伴有卵巢早衰，且可辅以中药治疗？,失眠
bridge_subgraph_17287.graphml,哪种疾病在ASAⅠ～Ⅱ级和感染性休克的辅助治疗中，与乳腺癌和妊娠高血压综合征的辅助治疗同时出现？,气管内插管全身麻醉
bridge_subgraph_17286.graphml,哪种疾病在治疗过程中需要同时进行血糖监测、肠内营养支持，并配合高压氧治疗和常规护理？,重型脑挫伤
bridge_subgraph_17293.graphml,哪种疾病在治疗过程中需要同时进行呼吸衰竭、输血、脑出血和精神科辅助治疗？,质量控制
bridge_subgraph_17279.graphml,哪种疾病会导致心肌再梗死及心力衰竭，并伴随皮下瘀斑和心电图异常？,替罗非班组
bridge_subgraph_17281.graphml,哪种疾病在临床上既表现为抗NMDAR脑炎和肺心病，又常采用针刺和针灸作为辅助治疗？,失眠
bridge_subgraph_17278.graphml,哪种疾病在临床表现上既有精神障碍又有脑出血，且在辅助治疗中常采用清热化痰法和护理干预？,失眠
bridge_subgraph_17290.graphml,哪种疾病会导致外周血嗜酸粒细胞计数升高，同时伴随慢性哮喘、胸闷和发热的症状？,nABPA
bridge_subgraph_17285.graphml,哪种疾病在难治性产后出血和产后出血的情况下，常伴随心动过速，且可能需要使用中药汤剂进行治疗？,妊娠期合并症
bridge_subgraph_17291.graphml,哪种疾病在早期护理干预中辅以针刺治疗，且临床表现包括E/A比值减少？,失眠
bridge_subgraph_17283.graphml,哪种疾病在治疗时需要使用细胞因子和柏子养心丸，且常与糖尿病相关并随年龄增长成为高危因素？,失眠
bridge_subgraph_17280.graphml,哪种疾病在服用朱砂安神丸和安慰剂治疗时，常伴随出现认知障碍和需要做心脏超声检查？,失眠
bridge_subgraph_17289.graphml,哪种疾病在治疗过程中需要使用阿罗洛尔或硝苯地平联合厄贝沙坦，并辅以常规护理，同时可能出现脑出血的并发症？,糖尿病合并高血压病
bridge_subgraph_17292.graphml,哪种疾病在病因上与负性情感密切相关，且在临床表现为焦虑和人际关系敏感，适合采用疏肝调神针刺法作为辅助治疗？,失眠
bridge_subgraph_17296.graphml,哪种疾病在早期护理干预和结肠癌并发症的管理中，特别需要心理护理干预和情绪调整作为辅助治疗？,失眠
bridge_subgraph_17301.graphml,哪种疾病与猪链球菌Ⅱ型相关，且表现为凶险、头痛和头晕的症状？,人猪链球菌病
bridge_subgraph_17299.graphml,哪种疾病会导致心慌和心房颤动，且在服用西酞普兰治疗后出现艾司西酞普兰相关症状？,失眠
bridge_subgraph_17297.graphml,哪种疾病在重度烧伤患者中，采用单盲法研究时，常与心肌梗死和慢性心力衰竭同时出现？,失眠
bridge_subgraph_17302.graphml,哪种疾病与17.7%的发病率和坎离砂治疗相关，且常与糖尿病和脑卒中同时出现？,失眠
bridge_subgraph_17294.graphml,哪种疾病以痤疮为临床表现，发病率高达69.7%，且常伴随心部不适，可通过艾灸辅助治疗？,失眠
bridge_subgraph_17311.graphml,哪种疾病在女性中更常见，且常伴随血糖和血脂水平异常？,亚临床甲状腺疾病
bridge_subgraph_17298.graphml,哪种疾病在采用雌激素替代疗法时，常通过症状自评量表评估，且易与神经症和心血管疾病同时出现？,心理精神障碍
bridge_subgraph_17305.graphml,哪种疾病在静脉营养治疗过程中，由于脂溶性维生素Ⅰ缺乏，容易出现腹胀，并需要早期护理干预？,早产低体重儿
bridge_subgraph_17295.graphml,哪种疾病具有31.91%的发病率，且其高危因素包括MCI，常与2型糖尿病相关，并可通过疏导进行辅助治疗？,失眠
bridge_subgraph_17300.graphml,哪种医学内容在多次小睡潜伏期试验和消极不良心理情绪的研究中，常与酶联免疫吸附试验和遗传因素同时出现？,失眠
bridge_subgraph_17304.graphml,哪种疾病在采用耳穴压豆综合护理和服用眠安宁颗粒的同时，常伴有皮疹和发热症状？,失眠
bridge_subgraph_17314.graphml,哪种疾病会导致发热，并伴随呕吐和恶心，且在特定年龄和性别的人群中更易发生？,失眠
bridge_subgraph_17303.graphml,哪种疾病既有肺动脉高压的临床表现，又可能引发难治性血小板减少症，且在进行健康宣教的同时，属于自身免疫性疾病的范畴？,混合性结缔组织病
bridge_subgraph_17309.graphml,哪种疾病在临床表现上既有神经症又有焦虑，且可以通过服用精乌胶囊和心理干预进行治疗？,失眠
bridge_subgraph_17317.graphml,哪种疾病与PV（同义词）直接相关，并且通常由受潮、感染和吸烟共同引发？,寻常银屑病
bridge_subgraph_17307.graphml,哪种疾病在进行结肠镜检查时可能发现肾盂积水，并且患者常伴有腹胀和腹痛的症状？,多发性直肠息肉
bridge_subgraph_17313.graphml,哪种疾病在生活压力和吸烟的共同作用下容易引发，且常常伴随骨质疏松，需要通过多导睡眠检测仪来辅助检查？,失眠
bridge_subgraph_17306.graphml,哪种疾病在临床上表现为银屑病，且使用甘草泻心汤治疗后，可能会出现心肌梗死和支气管哮喘的症状？,失眠
bridge_subgraph_17316.graphml,哪种疾病在采用传统开放手术治疗和皮椎体后凸成形术的同时，还需要进行疼痛管理和综合护理？,骨质疏松性脊柱压缩性骨折
bridge_subgraph_17308.graphml,哪种社会学理论能解释滋水清肝饮对失眠的疗效，并考虑SCI论文中提到的吸烟因素？,高血压
bridge_subgraph_17312.graphml,哪种疾病在同时使用坎离砂和灵酸枣叶茶进行治疗时，对肺癌患者的性别有特别的影响？,失眠
bridge_subgraph_17310.graphml,哪种疾病在成年人慢传输型便秘患者中，常因服用安眠药而加重，且需要通过健康宣教和常规护理来辅助治疗？,失眠
bridge_subgraph_17324.graphml,哪种医学内容与ATA和少儿SLE直接相关，且常与原发性高血压和支气管哮喘同时出现？,单倍型
bridge_subgraph_17323.graphml,哪种疾病最适合结合音乐疗法和耳穴贴压疗法来辅助治疗高血压病？,失眠
bridge_subgraph_17319.graphml,哪种疾病在治疗后会出现室性早搏，并且常伴随胃癌和心房颤动，同时可采用从痰论治的辅助治疗方法？,失眠
bridge_subgraph_17318.graphml,哪种疾病既可能导致失眠和食管贲门失弛缓症，又可能在手术治疗过程中伴随发热现象？,食管癌
bridge_subgraph_17325.graphml,哪种疾病在采用激素治疗的同时，还需要结合常规护理和护理干预进行辅助治疗？,青春期功能性子宫出血
bridge_subgraph_17315.graphml,哪种疾病在单纯针刺治疗辅助下，常表现为面色不华或面白，并伴有疼痛症状，且可能与糖尿病相关？,血痹
bridge_subgraph_17326.graphml,哪种疾病在采用特定分娩方式和饮用海洋深层水的情况下，通过健康宣教和常规护理能有效预防和控制？,泌乳不足
bridge_subgraph_17321.graphml,哪种疾病会导致BZD药物依赖的形成，并在月经不规律妇女中常见，同时需要通过生活方式干预和生活干预来辅助治疗？,失眠
bridge_subgraph_17330.graphml,哪种疾病在血流变异常时，通过中药浴足和环境改善比安慰剂更有效？,失眠
bridge_subgraph_17322.graphml,哪种疾病在治疗时既需要施灸赫依三穴和小檗碱，又常伴随血脂异常和艾司西酞普兰的使用？,失眠
bridge_subgraph_17327.graphml,哪种疾病在治疗过程中常采用微波透热疗法辅助，并且需要进行凝血功能检测，同时患者往往伴有抑郁和焦虑的临床表现？,创伤性四肢骨折
bridge_subgraph_17320.graphml,哪种疾病在高血压的临床表现中，常与糖尿病同时出现，并且免疫三氧治疗对其有显著效果，尤其在高龄人群中更为高危？,失眠
bridge_subgraph_17332.graphml,哪种医学内容在涉及MAPCAs和超声心动图的同时，也与磁共振和急性脑梗死密切相关？,主动脉弓
bridge_subgraph_17336.graphml,哪种疾病会导致70.4%的患者出现室性早搏，并且常伴随呕吐和头痛症状？,失眠
bridge_subgraph_17328.graphml,哪种疾病最适合采用中药足浴联合心理疏导，并配合三阴交治疗，同时患者伴有高血脂和糖尿病症状？,失眠
bridge_subgraph_17334.graphml,哪种疾病在晚期胃癌化疗过程中常引发骨髓抑制并发症，并可能伴随卵巢早衰和呕吐症状？,DOF
bridge_subgraph_17331.graphml,哪种疾病会导致睡眠不规律，并且可以通过中药饮片及高压氧或高压氧综合治疗来辅助治疗？,失眠
bridge_subgraph_17338.graphml,哪种疾病在社区干预中常采用针灸和拔罐辅助治疗，且患者会出现急起行为异常持续5天？,失眠
bridge_subgraph_17339.graphml,哪种疾病既表现为失眠和抑郁，又可以通过舒肝解郁胶囊和氟西汀进行治疗？,抑郁症
bridge_subgraph_17337.graphml,哪种疾病在临床干预方案中常采用调和脾胃的辅助治疗，并且其发病风险与受教育程度相关，且可能表现为恶性肿瘤？,失眠
bridge_subgraph_17329.graphml,哪种疾病可以通过饮用灵酸枣叶茶、中药足浴联合穴位按摩来缓解，并且常伴有疲劳和恶心的症状？,失眠
bridge_subgraph_17335.graphml,哪种疾病在辅助治疗中常采用足部按摩和认知行为治疗，且在药物治疗中可能使用安慰剂，主要表现为心理生理性失眠？,失眠
bridge_subgraph_17340.graphml,哪种疾病与NaHS+ DM有关，且在人际关系、居住地及常规护理方面也有明显表现？,糖尿病治疗
bridge_subgraph_17341.graphml,哪种疾病在进行斑贴试验时常出现红斑和水肿，且多发于女性？,化妆品不良反应
bridge_subgraph_17333.graphml,哪种疾病在临床表现上类似Moyamoya病，并且除了常规护理和心理护理外，还可以通过经络催眠法进行辅助治疗？,失眠
bridge_subgraph_17345.graphml,哪种疾病在药物治疗和qPCR检查的同时，还需要进行心理干预以应对抑郁这一并发症？,失眠
bridge_subgraph_17344.graphml,哪种疾病会导致针刺配合推拿后仍彻夜不眠，且常与贫血和心肌梗死同时出现？,失眠
bridge_subgraph_17342.graphml,哪种疾病会导致老年人出现卧不安、苔薄的临床表现，并常伴有心内科问题及恐惧情绪？,失眠
bridge_subgraph_17348.graphml,哪种疾病既与美沙酮和胃有关，又常与吸毒和肝病同时出现？,失眠
bridge_subgraph_17343.graphml,哪种疾病在肺心病和抑郁的共同影响下，更需要结合心理干预来治疗，尤其是在新冠肺炎期间？,失眠
bridge_subgraph_17352.graphml,哪种医学内容在涉及发热和MFI时，通常也会伴随心动过速和骨折的出现？,失眠
bridge_subgraph_17354.graphml,哪种疾病在体育锻炼中容易导致肌肉骨骼损伤，并且常与心理因素和WMSDs同时出现？,职业性肌肉骨骼疾患
bridge_subgraph_17349.graphml,哪种疾病在终末期肾脏病阶段常表现为便秘和疼痛，且放松心情有助于其辅助治疗？,失眠
bridge_subgraph_17350.graphml,哪种疾病会导致尼氏体减少和椎板切除，并且常需心理护理，同时与肺癌有关？,脊髓压迫
bridge_subgraph_17355.graphml,哪种疾病在棘层异常时，常与慢性荨麻疹和银屑病同时出现，且适合使用清热凉血安宫汤进行治疗？,血热型
bridge_subgraph_17360.graphml,哪种疾病会导致生物节律改变，并表现为苔白、胸闷和腹痛？,失眠
bridge_subgraph_17357.graphml,哪种疾病既会导致小细胞低色素贫血和SLE，又常与贫血和慢性心力衰竭同时出现？,铁代谢异常
bridge_subgraph_17346.graphml,哪种疾病在治疗过程中常需使用补益安神汤和辨证调护，并且患者通常伴有高血压病和老年慢性病的表现？,失眠
bridge_subgraph_17353.graphml,哪种疾病在治疗时可以辅助按摩安眠穴，常用扎来普隆药物，并且常伴有腹痛和腹泻的症状？,失眠
bridge_subgraph_17347.graphml,哪种社会学理论能解释NAFLD和失眠在采用耳穴埋豆疗法的男性群体中的关联性？,高血压
bridge_subgraph_17359.graphml,哪种疾病会同时出现MELAS、慢性进行性眼外肌麻痹、急性心肌梗死和心律失常的症状？,心脏传导阻滞
bridge_subgraph_17358.graphml,哪种疾病在采用认知行为干预和CS2治疗的同时，更容易受到年龄和抑郁因素的影响？,失眠
bridge_subgraph_17356.graphml,哪种疾病在脱毒和土家宁心安眠枕使用过程中，常伴随出现便秘和皮疹的症状？,失眠
bridge_subgraph_17351.graphml,哪种社会学理论能更好地解释静止性脑血管病的高危因素和失眠的临床表现，同时考虑年龄在风险评估中的影响以及感染作为并发症的可能性？,高血压
bridge_subgraph_17363.graphml,哪种疾病最常同时出现功能性消化不良、早醒34例、不能熟睡，以及泌尿系感染和心力衰竭？,失眠
bridge_subgraph_17366.graphml,哪种疾病在进行脑电超慢涨落图检测时常需使用激素类药物治疗，并且常与高血压病和糖尿病同时出现？,失眠
bridge_subgraph_17368.graphml,哪种疾病最常导致继发性失眠和抑郁，且患者常伴有HAMA评分升高和曲唑酮的使用？,失眠
bridge_subgraph_17362.graphml,哪种疾病在维持性血液透析患者中，伴随失眠症状消失的临床表现，且发病率约为12.4%？,失眠
bridge_subgraph_17361.graphml,哪种疾病在采用综合个性化护理和喹硫平联合丙戊酸镁治疗的同时，还需要进行综合护理干预并伴随发热症状？,双向情感障碍
bridge_subgraph_17369.graphml,哪种疾病会导致慢波睡眠（S3+S4）缺失，并需要服用佐匹克隆片，同时伴随发热和皮疹的症状？,失眠
bridge_subgraph_17367.graphml,哪种疾病在治疗过程中，中医针灸辅助治疗和杞菊地黄汤的效果显著，并且需要结合常规护理和中医护理共同进行？,失眠
bridge_subgraph_17373.graphml,哪种疾病与食物因素有关，且男性多发，在治疗上常用米氮平，同时可能出现白塞病的临床表现？,失眠
bridge_subgraph_17365.graphml,哪种疾病会导致慢性脑循环不全症，表现为手足发凉，并且常伴有恶心和呕吐的症状？,失眠
bridge_subgraph_17371.graphml,哪种疾病会导致脑病变，并可能伴随2型糖尿病和肝硬化的临床表现，同时生地黄可用于其治疗？,失眠
bridge_subgraph_17364.graphml,哪种疾病在终末期肾病治疗中，使用霉酚酸酯时，常伴随水肿和尿常规异常？,激素抵抗型肾病综合征
bridge_subgraph_17376.graphml,哪种疾病在年龄较大的人群中易发，常表现为腹泻，且可以通过艾灸和饮食调护进行辅助治疗？,失眠
bridge_subgraph_17375.graphml,哪种疾病在采用头背部推拿和甘麦大枣汤联合桂枝龙骨牡蛎汤治疗的同时，常伴随抑郁症并可能使用氟西汀？,失眠
bridge_subgraph_17378.graphml,哪种疾病在采用穴位注射和红外线照射+穴位注射作为辅助治疗的同时，也常结合刮痧和针灸治疗？,急性周围性面神经麻痹
bridge_subgraph_17374.graphml,哪种疾病在采用非规则性肝局部切除作为手术治疗的同时，还需进行切除治疗的辅助治疗，且患者常表现出乏力的症状，并可能需要使用安定进行药物治疗？,右肝肿瘤
bridge_subgraph_17382.graphml,哪种医学内容在治疗腔隙性脑梗死时，与电刺激小脑顶核、针灸治疗和心理护理同时应用？,失眠
bridge_subgraph_17372.graphml,哪种疾病在治疗过程中需要使用多导睡眠检测仪辅助检查，并可能采用苯二氮类药物，同时患者还需进行心电图检查和化疗？,失眠
bridge_subgraph_17383.graphml,哪种疾病在肛周脓肿和围绝经期综合征的临床表现中，需要特别重视护理干预和循证护理的辅助治疗？,失眠
bridge_subgraph_17380.graphml,哪种症状在无抑郁的病理分型下，通过短期结构式心理教育、抗抑郁治疗和常规护理的辅助治疗中最为常见？,抑郁
bridge_subgraph_17377.graphml,哪种疾病在出现发热和血常规异常的同时，可能并发腹腔高压综合征，并需要通过腹腔镜诊断性腹腔灌洗进行检查？,腹部刀刺伤
bridge_subgraph_17370.graphml,哪种疾病在采用乌灵胶囊联合西酞普兰治疗时，常表现为肌萎缩侧索硬化症，并伴随呕吐症状，且需通过头颅MRI进行检查？,失眠
bridge_subgraph_17393.graphml,哪种疾病会导致消化系统不适、睡眠困难，并且常伴有疲劳感和心慌？,非倦怠组
bridge_subgraph_17379.graphml,哪种疾病在使用莫沙必利联合健胃消食口服液的同时，胃动素水平异常，并且常伴有功能性消化不良和抑郁症状？,餐后不适综合征
bridge_subgraph_17381.graphml,哪种疾病在治疗过程中常同时使用非典型抗精神病药物、丙戊酸镁缓释片、氯氮平和阿立哌唑？,双相障碍躁狂
bridge_subgraph_17387.graphml,哪种疾病在Sev情况下HR增快不明显，且常与高血压或老年高血压同时出现？,七氟醚组
bridge_subgraph_17386.graphml,哪种疾病在伴抑郁症状的同时，还可能出现发热和贫血，且需要通过问诊进行辅助检查？,失眠
bridge_subgraph_17384.graphml,哪种疾病在临床表现为5-羟色胺缺乏导致的头痛和恶心，且可通过药物治疗和中药辅助治疗来缓解头痛症状？,失眠
bridge_subgraph_17391.graphml,哪种疾病在使用中药酸枣仁汤后容易出现日间困倦，且常伴随血脂异常和PCI术后问题？,失眠
bridge_subgraph_17388.graphml,哪种疾病在手术治疗中需要用到脑电描记术，药物治疗中常用利培酮和奥氮平，且患者常表现出自言自语的临床症状？,分裂样精神障碍
bridge_subgraph_17385.graphml,哪种疾病在病因上与生物、社会、心理、环境因素密切相关，并且在治疗过程中常辅以单针针灸、综合护理和健康教育？,失眠
bridge_subgraph_17396.graphml,哪种疾病在出现发热的同时，无压痛且肝脾未触及，血常规检查有哪些特点？,右肺炎
bridge_subgraph_17395.graphml,哪种疾病在使用和胃安神方治疗时，常伴随头晕和乏力的症状，且与EBOV有关？,失眠
bridge_subgraph_17390.graphml,哪种疾病会导致心血管症状加重、起居失常，并且常与急性缺血性卒中和糖尿病同时出现？,失眠
bridge_subgraph_17389.graphml,哪种疾病在治疗过程中需要结合放松心理训练和傣药雅拉（镇静安神胶囊），且常伴有感染和疼痛的临床表现？,失眠
bridge_subgraph_17397.graphml,哪种疾病在治疗过程中需要个性化治疗与辨证用药，同时进行胃肠减压，并且常与冠心病和心血管疾病同时出现？,失眠
bridge_subgraph_17392.graphml,哪种疾病与RCE（同义词）直接相关，发病率高达12.2％，并且常伴有肿瘤并发症和可能转化为癫痫的风险？,放射性脑水肿
bridge_subgraph_17398.graphml,哪种疾病在术后容易出现高胆红素血症和痤疮样皮疹，且常伴随卒中和肝功能异常？,胆红素升高
bridge_subgraph_17394.graphml,哪种疾病在神经内科中常见于男性，且通过药物联合心理干预以及生物节律的改变可以有效治疗？,失眠
bridge_subgraph_17406.graphml,哪种疾病在分娩前后知识宣教和出院健康教育中，常需结合健康教育和心理疏导进行辅助治疗？,未婚引产
bridge_subgraph_17400.graphml,哪种疾病会导致失眠和出血，并且常常伴随体质量指数异常和需要护理干预？,冠心病
bridge_subgraph_17401.graphml,哪种疾病在治疗时常用辛伐他汀和二甲双胍，且患者常表现出躯体化症状，需要通过运动平板试验进行辅助检查？,冠心病
bridge_subgraph_17402.graphml,哪种疾病在无工作状态下风险较高，且其临床表现与结核病相似，同时治疗后可能出现丙型肝炎的症状，并伴随乙型肝炎的临床表现？,失眠
bridge_subgraph_17414.graphml,哪种疾病会出现胸闷症状，并且可以通过温胆汤及护理、整体护理来辅助治疗？,失眠
bridge_subgraph_17410.graphml,哪种社会学理论能更好地解释损伤和中毒以及早死现象与脑血管病在男性群体中的同时出现？,肿瘤
bridge_subgraph_17404.graphml,哪种疾病会出现记忆力下降和眩晕，并且可以通过服用氟哌噻吨美利曲辛片来治疗，类似于慢性脑循环不全症的情况？,失眠
bridge_subgraph_17408.graphml,哪种疾病在治疗过程中，除了需要使用参麦注射液和进行常规护理外，还特别强调体育锻炼和自我管理的重要性？,老年 COPD
bridge_subgraph_17405.graphml,哪种疾病在匹兹堡睡眠质量指数辅助检查中表现异常，同时伴有高血压病和PT临床表现，且适合采用中药药物治疗？,失眠
bridge_subgraph_17417.graphml,哪种疾病会导致下腹疼痛和尿痛，同时伴随便秘和尿频？,肠蛔虫症
bridge_subgraph_17399.graphml,哪种疾病在肾阴亏虚证的临床表现下，适合通过针刺主穴四关穴以及综合护理干预和护理来辅助治疗？,失眠
bridge_subgraph_17403.graphml,哪种疾病会导致神门部位不适，同时伴随睡眠时间较短、高血压和老年冠心病的症状？,失眠
bridge_subgraph_17409.graphml,哪种疾病会导致入睡后易惊醒，且常伴随恶性肿瘤，在治疗时除了创造良好睡眠环境外，还可以采用穴位贴敷作为辅助手段？,失眠
bridge_subgraph_17416.graphml,哪种疾病会导致缺氧，需要使用高压氧舱治疗，并且常与贫血和心力衰竭同时出现？,缺氧性疾病
bridge_subgraph_17407.graphml,哪种疾病适合采用耳穴压豆联合艾灸、自拟中药方剂等综合治疗手段，同时伴随化疗的临床表现？,失眠
bridge_subgraph_17412.graphml,哪种疾病会导致脑病变，并且患者常有多梦和头痛的症状，需要通过匹滋堡睡眠质量指数量表辅助检查？,失眠
bridge_subgraph_17411.graphml,哪种疾病在治疗过程中常会采用二方同炉共冶的方法，并且需要结合二陈汤、温胆汤或黄连温胆汤来进行药物治疗？,内科杂病
bridge_subgraph_17422.graphml,哪种疾病在出现C-反应蛋白升高和磁流体异常的同时，常伴随感染并需要使用参麦注射液治疗？,肿瘤热
bridge_subgraph_17420.graphml,哪种疾病在治疗过程中会同时使用单针针灸和参麦注射液，并且患者常伴有心悸和发热的症状？,失眠
bridge_subgraph_17413.graphml,哪种疾病在不伴抑郁症状的情况下，需要通过腹膜透析和血液透析来辅助治疗，并需进行恰当的评估？,失眠
bridge_subgraph_17415.graphml,哪种疾病在治疗过程中需要特别关注重症动脉瘤性蛛网膜下腔出血的辅助治疗和细节护理，并且常与脑血管病的手术治疗及缺血性脑血管病的辅助治疗同时出现？,神经介入
bridge_subgraph_17426.graphml,哪种疾病会导致胆怯，并可能通过食用牡蛎治疗，同时伴随慢性支气管炎和糖尿病的症状？,失眠
bridge_subgraph_17418.graphml,哪种疾病在男性患者中常见，且常伴有低热，并通过SNN和多排螺旋CT检查进行诊断？,肝脏孤立性坏死结节
bridge_subgraph_17424.graphml,哪种疾病既可能由丙型肝炎感染或乙型肝炎病毒引起，又常伴有丙型肝炎和关节痛的临床表现？,混合性冷球蛋白血症
bridge_subgraph_17419.graphml,哪种疾病在治疗过程中常同时采用酸枣仁龙牡煎和u-RLS，并且也可能配合高压氧治疗和艾灸？,失眠
bridge_subgraph_17423.graphml,哪种疾病在治疗过程中通常会联合使用柏子养心丸和免疫三氧疗法，并辅以中医护理干预，患者常表现出烦躁症状？,失眠
bridge_subgraph_17421.graphml,哪种疾病会导致老年系统性血管炎患者出现腹胀和腹痛，且可能需要使用疏肝和胃颗粒进行治疗？,失眠
bridge_subgraph_17427.graphml,哪种疾病在治疗过程中需要特别关注SDS评分、提供心理护理和饮食指导，并且还要配合常规护理和一般护理？,非小细胞肺癌化疗
bridge_subgraph_17428.graphml,哪种疾病既会导致家庭负担，又能通过音乐放松疗法和常规护理辅助治疗，且常在骨科临床表现中见到？,失眠
bridge_subgraph_17431.graphml,哪种疾病会出现强迫症状，并且可以通过中医针灸配合耳针以及综合护理和服用当归四逆汤来辅助治疗？,失眠
bridge_subgraph_17430.graphml,哪种疾病在老年人中多发，且常与星状神经节阻滞有关，同时2型糖尿病和STEMI是其高危因素和常见病理分型？,糖尿病
bridge_subgraph_17425.graphml,哪种疾病在采用系统的循证护理和戒毒康体胶囊治疗的同时，还需要结合经颅多普勒检查和神经内科的诊疗？,失眠
bridge_subgraph_17432.graphml,哪种疾病以高半胱氨酸血症和Hhcy为高危因素，且常并发急性脑梗死或转化为脑梗死？,冠心病
bridge_subgraph_17434.graphml,哪种疾病在治疗过程中需要气管切开手术，并使用长春地辛和右美托咪定药物治疗，同时伴随发热的临床表现？,口腔颌面肿瘤
bridge_subgraph_17429.graphml,哪种疾病既与癫痫病因相关，需使用镇静催眠药物治疗，又可能表现为脑出血症状，并通过脑电图检查来诊断？,失眠
bridge_subgraph_17433.graphml,哪种疾病既包括老年性关节炎和老年骨性膝关节炎的就诊科室，又常伴随常规护理和便秘等并发症？,中医骨科
bridge_subgraph_17439.graphml,哪种疾病在临床表现上既有MoS又有疼痛，且在治疗中常使用苯二氮(革)类药物并辅以中药？,失眠
bridge_subgraph_17436.graphml,哪种疾病在采用耳针、推拿配合足浴的护理干预时，能更有效地疏泄焦虑，相较于仅使用常规护理干预？,失眠
bridge_subgraph_17435.graphml,哪种疾病在治疗时常用枣仁安神颗粒，且临床表现包括网络成瘾、疼痛，并可能由心律失常引起？,失眠
bridge_subgraph_17441.graphml,哪种疾病会出现塞方保洁和MT，同时伴随呕吐和恶心？,失眠
bridge_subgraph_17445.graphml,哪种疾病会导致无法入睡，通常需要通过服用益气活血安神汤治疗，同时辅以穴位按摩和心理护理？,失眠
bridge_subgraph_17444.graphml,哪种疾病在ESS实验室检查中常见，且主要发病于皮质下，同时伴有焦虑症状并需进行心理干预？,失眠
bridge_subgraph_17451.graphml,哪种疾病在治疗过程中常结合中药内服与熏洗，并且通常也会采用中药和运动疗法进行辅助治疗？,原发性膝关节骨关节炎
bridge_subgraph_17449.graphml,哪种疾病在高血压性脑出血和原发性脑出血中都可能导致NIHSS评分升高？,血肿扩大组
bridge_subgraph_17447.graphml,哪种疾病会导致肝脏病变，同时伴随肥胖，需要通过脑电图检查，并且健康教育是重要的辅助治疗方法？,失眠
bridge_subgraph_17442.graphml,哪种疾病在老年人中多发，常伴随生理性凝血和急性心肌梗死，且可以通过血浆D-二聚体检测来辅助诊断？,血栓栓塞疾病
bridge_subgraph_17448.graphml,哪种疾病在进行有氧运动和服用厄贝沙坦的同时，还需要综合护理和综合治疗？,老年顽固性高血压
bridge_subgraph_17446.graphml,哪种疾病会出现急性尿潴留的临床表现，并且其病因与阳虚痰湿有关，治疗时常使用茯苓和白芍？,失眠
bridge_subgraph_17443.graphml,哪种疾病在男性患者中常见，且常伴随C反应蛋白升高、MLHFQ评分异常，并需要通过心脏超声进行检查？,明尼苏达心力衰竭
bridge_subgraph_17440.graphml,哪种疾病在临床表现上类似高血压，且在进行B型超声检查时常需结合增强CT来确诊，最终可能需要通过肿瘤切除手术来治疗？,功能性肿瘤
bridge_subgraph_17438.graphml,哪种疾病在急性失眠和SES（社会经济地位）的共同影响下，最需要综合护理和护理干预？,失眠
bridge_subgraph_17459.graphml,哪种疾病更容易与椎动脉型颈椎病和骨质疏松同时出现，是RA还是T2DM？,糖尿病
bridge_subgraph_17453.graphml,哪种疾病在采用合理情绪疗法治疗的同时，常伴随多汗和发热的躯体症状？,失眠
bridge_subgraph_17452.graphml,哪种疾病会出现恶心、呕吐的临床表现，并可能伴随谵妄的病理分型，且常用高孜班蜜膏进行治疗？,失眠
bridge_subgraph_17437.graphml,哪种疾病在治疗时需要用到理气药和处方遣药，且常与创伤后应激障碍相关，发病部位主要在肝？,情志病
bridge_subgraph_17456.graphml,哪种疾病需要同时给予心理疏导和胃肠功能异常的治疗，并且在进行护理干预和生活方式干预时也会出现相关症状？,失眠
bridge_subgraph_17458.graphml,哪种疾病在辨证论治过程中需要特别关注脑病变，并且在进行常规护理的同时，还必须重视心理护理？,失眠
bridge_subgraph_17450.graphml,哪种疾病在采用吴茱萸粉穴位敷帖治疗后，会出现睡眠时间明显减少，并伴随低热，且通过脑电图检查可见异常？,失眠
bridge_subgraph_17464.graphml,哪种疾病在临床表现上会出现AIS评分≥6分和视网膜病变，且常需使用百乐眠或百乐眠胶囊进行治疗？,失眠
bridge_subgraph_17454.graphml,哪种医学内容在涉及焦虑自评量表和脾肺气虚的同时，还会提到生活方式干预和氟西汀的使用？,失眠
bridge_subgraph_17465.graphml,哪种疾病会出现腹胀、水肿，并可能伴随肝功能异常，适合用蒙医温治疗？,失眠
bridge_subgraph_17455.graphml,哪种疾病在采用护理干预或综合护理干预时，患者QLQ-C30评分改善最明显，例如双相情感性精神障碍？,失眠
bridge_subgraph_17457.graphml,哪种疾病可能由急性粟粒型肺结核导致，且其病因与自体骨髓移植、药物及感染有关？,类白血病
bridge_subgraph_17461.graphml,哪种疾病可以通过粗盐循经热熨和针灸等辅助治疗，并且通常在神经内科就诊？,脑卒中痉挛性偏瘫
bridge_subgraph_17472.graphml,哪种疾病会导致生理不适和躯体化阳性，且常伴随膀胱经走罐和感冒症状？,失眠
bridge_subgraph_17466.graphml,哪种疾病在康复护理和一般护理过程中，常伴随健忘症状，并可能采用穴位药贴进行治疗？,失眠
bridge_subgraph_17462.graphml,哪种疾病在辅助治疗上常采用艾灸神阙和药物联合心理干预，且其病因与性别相关，高危因素包括年龄？,失眠
bridge_subgraph_17469.graphml,哪种疾病具有14.84%的发病率，且临床表现为脑血栓，常采用针灸疗法作为辅助治疗？,失眠
bridge_subgraph_17460.graphml,哪种疾病在调养治疗和失眠症状积分评定法辅助下，常与乙型肝炎及环境因素共同出现？,失眠证
bridge_subgraph_17463.graphml,哪种疾病既有动脉粥样硬化性脑梗死作为高危因素，又常伴随初发高血压这一并发症，并且在风险评估中与脑梗死密切相关，且常用舒乐安定进行治疗？,糖尿病
bridge_subgraph_17467.graphml,哪种疾病在出现食郁和足反射疗法相关症状的同时，还伴随恶心和皮疹？,失眠
bridge_subgraph_17477.graphml,哪种症状最先出现，是呼吸困难或全身不适，并伴随失眠和鼻塞？,发热
bridge_subgraph_17470.graphml,哪种疾病会导致智力发育落后和脑膜炎，并且常伴有脑电图异常和运动障碍？,GLUT1-DS
bridge_subgraph_17474.graphml,哪种疾病在变化性磁共振成像上与脑出血相似，且患者通常需在神经内科进行MRI检查以鉴别诊断？,糖尿病性偏侧舞蹈症
bridge_subgraph_17475.graphml,哪种疾病在重型脑外伤和特重型脑外伤的并发症中，需要结合循证护理在ICU进行辅助治疗？,鼻饲并发症
bridge_subgraph_17478.graphml,哪种疾病既与尿毒症和卒中后失眠直接相关，又常伴随腹痛和腹泻的症状？,失眠
bridge_subgraph_17476.graphml,哪种疾病在老年期抑郁和脑梗死后情感障碍患者中常见，且常伴随磁共振成像异常和眩晕症状？,失眠
bridge_subgraph_17480.graphml,哪种疾病会导致红细胞外溢和紫绀，同时伴随体重减轻和乏力？,假性血管炎
bridge_subgraph_17479.graphml,哪种疾病在治疗过程中常需结合中药穴位贴敷和放松疗法，并辅以降压药及常规治疗？,糖尿病
bridge_subgraph_17468.graphml,哪种疾病的发病率高达9.43%，并且需要护理服务辅助治疗，同时其发病率还与12.5%和19.05%的其他疾病相关联？,观察组并发症
bridge_subgraph_17473.graphml,哪种疾病同时关联川芎、分化稳态的丧失，且常伴随骨质疏松和心血管疾病的发生？,血管老化
bridge_subgraph_17481.graphml,哪种疾病会导致痰瘀互结型失眠、睡而易醒，并且常与肿瘤或恶性肿瘤同时出现？,失眠
bridge_subgraph_17471.graphml,哪种疾病在化疗的同时需要配合康莱特和卡培他滨药物治疗，并辅以常规护理？,老年晚期消化道肿瘤
bridge_subgraph_17486.graphml,哪种疾病在应用应对量表时，需要特别重视整体护理与常规护理的差异，比如慢性阻塞性肺部疾病？,COPE
bridge_subgraph_17483.graphml,哪种疾病在同时出现饮酒和心力衰竭的情况下，与ACI和慢性疲劳综合征有直接关联？,失眠
bridge_subgraph_17488.graphml,哪种疾病在匹兹堡睡眠指数量表评估中常见，且通过耳针治疗能有效缓解头痛和抑郁症状？,失眠
bridge_subgraph_17482.graphml,哪种疾病既属于综合征又属于感染性疾病，并且在健康教育和感染防控中经常被提及？,发热伴血小板减少
bridge_subgraph_17487.graphml,哪种疾病与硬斑块组和颈动脉粥样硬化斑块直接相关，且在经济因素影响下更易引发急性脑梗死？,冠心病
bridge_subgraph_17484.graphml,哪种疾病在患者接受小剂量米氮平治疗的同时，进行心脑血管介入术或PCI手术后，容易出现抑郁症状？,失眠
bridge_subgraph_17492.graphml,哪种疾病在老年高血压患者中常见，并且需要小剂量多塞平药物治疗，同时配合心理护理和常规护理？,失眠
bridge_subgraph_17490.graphml,哪种医学内容与高压氧和多次小睡潜伏期试验直接相关，并且常常与头晕和神经内科同时出现？,失眠
bridge_subgraph_17489.graphml,哪种疾病在高血脂作为高危因素的情况下，会出现呼吸困难得分下降，并伴随发热和腹泻的临床表现？,失眠
bridge_subgraph_17493.graphml,哪种疾病既有生理因素导致的病因，又常表现为贫血和骨痛，且可以通过百会等药物治疗？,失眠
bridge_subgraph_17496.graphml,哪种疾病在婚姻和家庭问题以及健康状况不佳的情况下容易发生，且常表现为心悸和OSAHS，需要使用思诺思进行治疗？,失眠
bridge_subgraph_17495.graphml,哪种疾病在胃肠功能异常的情况下，可能通过服用杞菊地黄丸治疗，且常伴随肺癌症状，风池穴位的辅助治疗也对其有效？,失眠
bridge_subgraph_17494.graphml,哪种疾病在辅助治疗时会用到脚踝针上1，药物治疗常用黄连复方，并且患者常伴有呕吐和眩晕的症状？,失眠
bridge_subgraph_17502.graphml,哪种疾病会导致亲生儿头皮血肿和新生儿视网膜出血，并且需要结合健康宣教和心理因素进行综合治疗？,急产
bridge_subgraph_17485.graphml,哪种疾病在PSQI检查中常见，且治疗时需同时使用阿夫忒蒙丸和黛力新，甚至可能还需抗抑郁药？,失眠
bridge_subgraph_17499.graphml,哪种疾病需要通过腹腔镜袖状胃切除术或腹腔镜胃袖状切除术治疗，并且常伴有肥胖和需要监测体质量指数？,胃漏
bridge_subgraph_17498.graphml,哪种疾病在治疗过程中会同时使用食欲素受体拮抗剂和中西医结合矿泉浴，并且常与终末期肾脏病及腹膜透析相关？,失眠
bridge_subgraph_17500.graphml,哪种疾病在治疗过程中常采用耳穴配合体针和点穴按摩作为辅助手段，且患者可能出现皮疹，需要进行尿常规检查？,失眠
bridge_subgraph_17506.graphml,哪种疾病在吸烟人群中常见，表现为困倦和高血压，且可以通过穴位推拿辅助治疗？,失眠
bridge_subgraph_17491.graphml,哪种疾病在年迈人群中常见，且通过子午流注药物治疗，同时伴随牙周炎症状，并需辅以健康教育？,失眠
bridge_subgraph_17501.graphml,哪种疾病在产后抑郁症和慢性脑循环不全症的治疗中，更能从中医药和运动处方中受益？,失眠
bridge_subgraph_17503.graphml,哪种疾病在LBL教学模式处理和爱心助残中常被关注，且与脑卒中和类风湿关节炎同时出现？,康复治疗技术
bridge_subgraph_17505.graphml,哪种疾病在药物治疗过程中既可能导致恶性胸腔积液，又可能引发过敏反应，且常与肺癌和乳腺癌同时出现？,榄香烯乳注射液
bridge_subgraph_17497.graphml,哪种疾病在特定手术体位下，与性别和年龄（如：男性、50岁以上）密切相关，且常伴随体重指数（如：BMI≥30）和性别（如：女性）的共同影响？,甲状腺PONV
bridge_subgraph_17515.graphml,哪种疾病会导致EPQ异常、睡眠改善，并伴随腹痛和呕吐的症状？,失眠
bridge_subgraph_17504.graphml,哪种疾病在治疗上常用宁心安神汤这类中药方剂，且临床表现为E/A比值减少和重性抑郁障碍？,失眠
bridge_subgraph_17509.graphml,哪种疾病会导致大脑皮层厚度异常，并通过18F-FDG PET/CT影像学检查确诊，同时与性别和受教育程度有关？,PD认知功能障碍
bridge_subgraph_17507.graphml,哪种疾病在气虚痰瘀证的临床表现下，常需要通过辅助检查来确诊，并且通常采用高压氧和电针作为辅助治疗手段？,失眠
bridge_subgraph_17510.graphml,哪种疾病在共聚焦显微镜下观察雷公藤内酯醇的作用时，常与自身免疫性疾病一同出现，并可以通过酶联免疫吸附试验进行检测？,淋巴细胞凋亡
bridge_subgraph_17520.graphml,哪种疾病在维持性血液透析和NMDAR脑炎患者中，同时需要进行化疗和常规护理？,失眠
bridge_subgraph_17508.graphml,哪种疾病在治疗过程中需要同时使用抗精神类药物和补心益气汤，并可能伴随高压氧辅助治疗和不宁腿综合征的并发症？,失眠
bridge_subgraph_17513.graphml,哪种疾病会导致物质使用障碍和坏死，并常伴随磁共振成像异常和疼痛症状？,成瘾
bridge_subgraph_17511.graphml,哪种疾病在HAMD评估中常见，且使用安神定悸汤治疗，同时患者常伴有头痛症状，需通过磁共振进行检查？,失眠
bridge_subgraph_17522.graphml,哪种疾病既与新冠病毒病19相关，又是呼吸系统疾病，且常伴随疲乏无力，被称为新冠肺炎？,2019冠状病毒病
bridge_subgraph_17512.graphml,哪种疾病在实验室检查中常用荧光高效液相色谱法，且在辅助治疗中结合中西药物及睡眠仪，同时临床表现为需要心理干预和腰椎间盘突出症？,失眠
bridge_subgraph_17524.graphml,哪种疾病发病率高达31.91%，主要表现为前庭性眩晕，且常需进行心理护理和血液透析辅助治疗？,失眠
bridge_subgraph_17516.graphml,哪种社会学理论能解释失眠与经颅多普勒超声检测之间的关系，并涉及脑出血和养血清脑颗粒的使用情况？,脑梗死
bridge_subgraph_17526.graphml,哪种疾病在亚洲人群中多发，且通过病理组织学检测可以确诊，同时还常伴有肝功能异常和贫血症状？,侵袭性NK细胞白血病
bridge_subgraph_17532.graphml,哪种疾病在临床表现上与甲状腺功能亢进症和老年RA相似，且常通过艾灸和按摩进行辅助治疗？,失眠
bridge_subgraph_17525.graphml,哪种疾病会导致记忆下降，并伴随食欲丧失和腹泻，且适合用中药汤剂治疗？,失眠
bridge_subgraph_17523.graphml,哪种疾病在改善生活环境后有助于病后康复，并且常伴随头痛，需要通过多导睡眠监测来诊断？,失眠
bridge_subgraph_17528.graphml,哪种疾病在经皮冠状动脉介入术后、高血压患者中，常伴随失眠和吸烟现象？,糖尿病
bridge_subgraph_17518.graphml,哪种疾病在治疗时需要辅助使用Hcrt能系统，同时还会导致睡眠呼吸障碍，且其发病可能与婚姻状况有关？,失眠
bridge_subgraph_17521.graphml,哪种疾病在ROC曲线分析中与失眠密切相关，且在特定年龄段的CAS患者中更为常见？,冠心病
bridge_subgraph_17514.graphml,哪种疾病在老年急性心肌梗塞患者中，会让人特别担心伤病预后，并且需要结合MMSE评估和康复护理来综合治疗？,失眠
bridge_subgraph_17519.graphml,哪种疾病在治疗过程中常使用栀子豉汤和丹栀逍遥散，且随着年龄增长风险增加，治疗后可能出现精神分裂症症状，需要配合常规治疗？,失眠
bridge_subgraph_17530.graphml,哪种疾病既有CD和IBD的病理分型，又常见于男性且伴随发热症状？,回结肠型
bridge_subgraph_17531.graphml,哪种疾病在治疗过程中常需结合面向对象开发框架和射频消融术，并通常伴随血液透析和心电图的监测？,QT
bridge_subgraph_17529.graphml,哪种疾病在出现MUNSH和悬钟穴透刺三阴交的同时，常伴随反应迟钝和便秘的症状？,失眠
bridge_subgraph_17534.graphml,哪种疾病由火郁引起，可能导致糖尿病，且在治疗过程中常出现嗜睡和发热症状？,失眠
bridge_subgraph_17527.graphml,哪种疾病在老年肺癌患者中常见，且需要使用百乐眠胶囊和艾灸夹脊穴进行治疗，同时需与抑郁障碍相鉴别？,失眠
bridge_subgraph_17535.graphml,哪种疾病在新疆维吾尔族人群中，由于AA基因型的高危因素，常需使用精蛋白锌进行治疗的糖尿病？,T2D
bridge_subgraph_17537.graphml,哪种医学内容同时涉及FasL、90锶-90钇敷贴，并与过敏性休克、发热相关？,小儿血管瘤
bridge_subgraph_17545.graphml,哪种疾病在诊断过程中需要同时使用脑电图和静息态功能磁共振成像，并且治疗时常会用到卡马西平？,良性癫痫
bridge_subgraph_17538.graphml,哪种医学内容与躁动（占比95.31%）直接相关，且常与结肠癌和恶心同时出现？,预防性镇痛
bridge_subgraph_17539.graphml,哪种疾病与PCOS病因相关，通常采用激素药物治疗，且可辅以耳穴压豆和针灸进行治疗？,月经后期
bridge_subgraph_17517.graphml,哪种疾病会因为输注液体不合理而引发，且可以通过在静脉营养液中加入肝素钠来预防，同时需要考虑性别差异进行风险评估，并辅以循证护理进行治疗？,PICC导管堵塞
bridge_subgraph_17543.graphml,哪种疾病在脾肾亏虚和异菸肼治疗过程中，常伴随心律失常，需要采取循证护理措施？,失眠
bridge_subgraph_17541.graphml,哪种疾病既与DD同义，又属于精神卫生问题，且在治疗时常使用米氮平，并伴有精神障碍的症状？,心境恶劣障碍
bridge_subgraph_17533.graphml,哪种疾病适合采用肉蔻五味丸联合曲唑酮药物治疗，并辅以针灸和常规护理，同时在骨科有相应临床表现？,失眠
bridge_subgraph_17536.graphml,哪种疾病在老年心血管病患者中常见，且与不成熟的应付方式相关，通常需要使用稳心颗粒治疗，并伴随血脂异常的实验室检查结果？,失眠
bridge_subgraph_17550.graphml,哪种疾病主要由社会因素影响，发病率高达94.2%，且常在内科发病并需要心理护理辅助治疗？,年轻乳腺癌
bridge_subgraph_17546.graphml,哪种疾病在骨科住院患者中常表现为失眠和疼痛，且适合通过中医护理干预和当归四逆汤进行治疗？,失眠
bridge_subgraph_17548.graphml,哪种疾病在临床表现为夜间惊恐发作，并且可以通过后溪、干预护理及心理疏导等方法进行辅助治疗？,失眠
bridge_subgraph_17542.graphml,哪种疾病在治疗时常用缬沙坦和替米沙坦，且患者常伴有吸烟高危因素，需要护理干预辅助治疗？,老年高血压合并糖尿病
bridge_subgraph_17540.graphml,哪种疾病在患者出现健忘和汉密尔顿抑郁量表高评分的同时，还常伴随综合护理干预和子宫肌瘤的情况？,失眠
bridge_subgraph_17544.graphml,哪种疾病在治疗时需要使用安眠药，且病因与痰有关，同时临床上常表现为FTS并需进行心理干预？,失眠
bridge_subgraph_17547.graphml,哪种疾病在存在胰岛素抵抗的风险评估因素下，可能导致代谢相关性肾损害，且常伴随慢性心衰和需要与高血压进行鉴别诊断？,糖尿病
bridge_subgraph_17553.graphml,哪种疾病会导致急性中毒和性格改变，并且常伴随单盲法和疼痛症状？,慢性汞中毒
bridge_subgraph_17557.graphml,哪种疾病在调整情绪和补充维生素E的同时，常与急性心肌梗死和冠心病相伴出现？,失眠
bridge_subgraph_17554.graphml,哪种疾病在神经系统发病时，除了表现出缺血性脑血管病和免疫力低下的症状外，还常伴有乏力感？,失眠
bridge_subgraph_17549.graphml,哪种疾病在特定年龄和性别群体中高发，且在按摩推拿辅助治疗后常出现嗜睡症状，同时伴随呕吐的临床表现？,失眠
bridge_subgraph_17555.graphml,哪种疾病在治疗中常使用酒石酸唑吡坦，且患者吸烟比例更高，同时需要心理干预和心理护理干预作为辅助治疗？,失眠
bridge_subgraph_17558.graphml,哪种疾病更容易导致无工作状态和产后抑郁症，是生殖道感染还是AIDS？,贫困
bridge_subgraph_17564.graphml,哪种疾病会导致恶心呕吐、精神异常，并且常常伴随癫痫和头痛？,可逆性脑后部白质病
bridge_subgraph_17556.graphml,哪种疾病在健康教育护理中需要特别关注，并且在进行CT检查时常与常规护理和健康教育同时进行？,颅脑损伤后精神障碍
bridge_subgraph_17551.graphml,哪种疾病在治疗过程中既需要补脾益气辅助治疗，又常联合使用氯硝西泮、疏肝解郁胶囊和抗抑郁药？,失眠
bridge_subgraph_17565.graphml,哪种疾病适合采用冷冻治疗和醋酸发白试验，并常结合综合护理干预和中药熏洗进行辅助治疗？,妊娠期尖锐湿疣
bridge_subgraph_17563.graphml,哪种疾病同时涉及眼疾、咖啡饮用史，并且常伴有抑郁和精神因素？,BEB
bridge_subgraph_17559.graphml,哪种疾病在临床表现为BH4D，且在治疗过程中常同时使用唑吡坦类药物、丹参注射液和当归？,失眠
bridge_subgraph_17561.graphml,哪种疾病在生活压力大的情况下，通过荧光高效液相色谱法、血常规和心肌酶检查可以明确诊断？,失眠
bridge_subgraph_17562.graphml,哪种疾病会导致身体制动不适，并表现为大脑中动脉供血区梗死、呕吐以及认知功能障碍？,失眠
bridge_subgraph_17569.graphml,哪种医学内容与u-RLS和西药直接相关，并且常与帕金森病和二甲双胍同时出现？,失眠
bridge_subgraph_17560.graphml,哪种疾病更容易与GDM（妊娠期糖尿病）和胰头癌并发，并且常伴随PD（帕金森病）和重性抑郁障碍？,G/G基因型
bridge_subgraph_17571.graphml,哪种疾病在西医治疗中与急性膀胱炎类似，且常与卒中和脑梗死同时出现？,失眠
bridge_subgraph_17568.graphml,哪种疾病在临床表现上会出现脱毒症状，并且需要使用抗抑郁药物、失苔剌知丸和石菖蒲进行治疗？,失眠
bridge_subgraph_17575.graphml,哪种疾病在采用系统化失眠护理和多功能导眠仪治疗的同时，还常伴随糖尿病和乏力症状？,失眠
bridge_subgraph_17567.graphml,哪种疾病在治疗过程中常同时使用喹硫平和柴桂温胆定志汤，并辅以推拿和针灸？,失眠
bridge_subgraph_17572.graphml,哪种疾病在女性中发病率高达2.8%，且常常需要通过全髋关节置换术来治疗，性别是其重要的风险评估因素？,髋臼假体周围骨折
bridge_subgraph_17576.graphml,哪种疾病会导致颈部包块，并伴有便秘和疼痛，通常需要使用头孢丙烯片进行治疗？,急性淋巴结炎
bridge_subgraph_17570.graphml,哪种疾病在出现心理行为障碍的同时，可以通过针灸配合耳针揿针治疗，且常伴有皮疹和关节痛？,失眠
bridge_subgraph_17552.graphml,哪种疾病在治疗过程中常联合使用解郁养血安神汤和普鲁卡因苯甲酸胶囊，并辅以健康教育和针对性护理模式？,失眠
bridge_subgraph_17578.graphml,哪种疾病在出现烦躁、乏力和心悸的同时，还需要进行肢体功能训练？,失眠
bridge_subgraph_17566.graphml,哪种疾病在采用针刺配合耳穴贴压法治疗的同时，还需要结合常规护理和心理护理，才能有效缓解忧郁程度？,失眠
bridge_subgraph_17581.graphml,哪种疾病主要由不良睡眠习惯引起，常伴有感染症状，并且可以通过体针和心理护理辅助治疗？,失眠
bridge_subgraph_17577.graphml,哪种疾病在治疗过程中常辅以音乐疗法、腧穴针灸治疗和综合心理干预，且患者常出现腹胀的临床表现？,失眠
bridge_subgraph_17586.graphml,哪种疾病在高血脂病史和护士围绝经期综合征患者中，通过常规护理和综合护理同时出现的情况较为常见？,失眠
bridge_subgraph_17579.graphml,哪种疾病在进行颈部动脉超声检查的同时，常需通过增加膳食纤维、耳穴贴压和综合护理干预来辅助治疗？,糖尿病合并高脂血症
bridge_subgraph_17582.graphml,哪种疾病在电子显微镜下可见，常需进行LC手术治疗，且患者常伴有腹痛，可能引发乙型肝炎并发症？,胆结石症
bridge_subgraph_17585.graphml,哪种疾病在治疗过程中常使用对氯苯丙氨酸混悬液和艾司西肽普兰，并且其发病与性别和年龄密切相关？,失眠
bridge_subgraph_17588.graphml,哪种症状在炎性肠梗阻和失眠出现时，常伴随便秘和腹胀？,呕吐
bridge_subgraph_17583.graphml,哪种疾病在辅助治疗中常采用低频电穴位刺激，且患者常表现为急躁，同时伴有心脏病高危因素和急性扁桃体炎的临床表现？,失眠
bridge_subgraph_17580.graphml,哪种医学内容与动物园测验、行为学评价测验直接相关，且常与高血脂、缺血性脑卒中同时出现？,BADS
bridge_subgraph_17573.graphml,哪种疾病在采用艾司西酞普兰治疗后症状有所缓解，且常配合药枕和涌泉穴贴敷辅助治疗，同时需要与使用舍曲林治疗的抑郁障碍进行鉴别诊断？,失眠
bridge_subgraph_17590.graphml,哪种疾病在经济困难的人群中常见，且在进行体格检查时，常与冠心病一同被心电图检测出来？,失眠
bridge_subgraph_17591.graphml,哪种疾病会出现呼吸异常、持续高热，并伴随血糖升高和肢体无力？,无脑膜炎组
bridge_subgraph_17595.graphml,哪种医学内容在高压氧综合治疗和郁安神汤的应用中，与尿常规和常规护理同时出现？,失眠
bridge_subgraph_17594.graphml,哪种社会学理论能更好地解释糖尿病的鉴别诊断与血压的实验室检查、饮酒的辅助治疗之间的关联？,高血压
bridge_subgraph_17597.graphml,哪种疾病在使用吡喹酮片和免疫层析法检测时，常伴随食欲不振和腹胀的症状？,肝吸虫
bridge_subgraph_17596.graphml,哪种疾病在进行秩和检验时常与居家服务相关联，且通常与恶性肿瘤和晚期癌症同时出现？,缓和医疗
bridge_subgraph_17574.graphml,哪种疾病在衰弱老年人中常见，且在进行星状神经节阻滞后，常需通过磁共振成像和汉密尔顿抑郁量表来评估疗效？,失眠
bridge_subgraph_17599.graphml,哪种疾病在进行脊柱全长影像检查时常发现与钙缺乏有关，且在治疗过程中常需配合康复护理和中药治疗？,腰腿疼
bridge_subgraph_17593.graphml,哪种疾病会导致睡眠质量不好、烦躁和头痛，并且可以通过压耳穴来辅助治疗？,失眠
bridge_subgraph_17592.graphml,哪种疾病在调节积极心态和服用石菖蒲治疗的同时，常表现为疲乏和头痛？,失眠
bridge_subgraph_17601.graphml,哪种疾病在采用佐匹克隆治疗和陈氏飞针疗法的同时，常伴有腹痛和乏力的症状？,失眠
bridge_subgraph_17598.graphml,哪种疾病会导致多汗和头痛，尤其在参加课外辅导班后出现，并且需要通过头颅MRI进行检查？,失眠
bridge_subgraph_17602.graphml,哪种疾病会导致燥动不安、上腹部疼痛，并伴随呕吐和心悸的症状？,OPI中毒
bridge_subgraph_17604.graphml,哪种疾病会导致姿态不稳、血管性眩晕，并伴随恶心和眩晕的症状？,急性前庭综合征
bridge_subgraph_17589.graphml,哪种疾病适合采用舌下穴位针刺疗法、饲管注食，并常伴随针刺治疗和针灸作为辅助治疗手段？,中风后吞咽困难
bridge_subgraph_17606.graphml,哪种疾病既与视疲劳和不成熟的应付方式直接相关，又常与肥胖和维持性血液透析同时出现？,失眠
bridge_subgraph_17609.graphml,哪种疾病会导致断裂和缺失，且在使用皮质类固醇的同时，常伴有吸烟和运动障碍的情况？,肌腱病变
bridge_subgraph_17608.graphml,哪种疾病会导致恶梦夜惊与焦虑，术后抑郁，且常与颈动脉粥样硬化和ACI同时出现？,失眠
bridge_subgraph_17600.graphml,哪种疾病在治疗时常用黛力新联合莫沙必利或气滞胃痛颗粒，且常伴有呕吐和恶心的症状？,动力障碍型FD
bridge_subgraph_17605.graphml,哪种医学内容能同时反映异常神经活动区域（）、FTND（）、年龄（）以及婚姻状况（）的影响？,尼古丁依赖
bridge_subgraph_17603.graphml,哪种疾病既有意识障碍的临床表现，又属于癔症病理分型，且常伴随焦虑障碍，需要心理治疗作为辅助治疗？,应激相关障碍
bridge_subgraph_17584.graphml,哪种疾病在迟发感染和BMD患者中，常与糖尿病和骨折同时出现？,螺钉松动
bridge_subgraph_17607.graphml,哪种医学内容能解释5-HT综合征和SES，以及与之伴随的烦躁和抗抑郁剂使用现象？,失眠
bridge_subgraph_17612.graphml,哪种疾病在针灸推拿科就诊时，通常会采用自拟健脾止泻汤治疗，并辅以艾灸治疗？,脾虚型泄泻
bridge_subgraph_17613.graphml,哪种疾病在男性中发病率约为1.5%，常通过彩色多普勒超声心动图检查发现，且患者常伴有疲劳症状？,高原急性肺水肿
bridge_subgraph_17611.graphml,哪种疾病与雌激素水平下降和围绝经期综合症直接相关，并且在使用黄连阿胶汤和茯苓时常见？,卵巢功能衰退
bridge_subgraph_17615.graphml,哪种疾病在治疗过程中特别需要结合人文关怀、骨盆摇摆辅助干预、心理干预和循证护理等多种辅助手段？,初产妇分娩
bridge_subgraph_17614.graphml,哪种疾病在磁共振成像中与肾癌的病理分型相似，且在GKRS手术治疗时可能与结肠癌同时出现？,脑干转移瘤
bridge_subgraph_17620.graphml,哪种疾病在急性心肌梗死并发PCI时，最常需要急诊手术且易引发复合终点事件？,住院期间死亡
bridge_subgraph_17617.graphml,哪种疾病在治疗时常用回药阿夫忒蒙丸和安神补脑软胶囊，且患者常表现出老年痴呆和记忆力减退的症状？,失眠
bridge_subgraph_17587.graphml,哪种疾病在使用阿普唑仑片治疗的同时，常与痰热扰心型症状相关，并且可能受到性别和遗传因素的影响？,失眠
bridge_subgraph_17623.graphml,哪种医学内容在涉及Ad和医疗环境因素的同时，也与原发性高血压和健康教育密切相关？,失眠
bridge_subgraph_17616.graphml,哪种疾病会导致耳鸣，并且可以通过疏肝法辅助治疗，同时需要进行磁共振成像检查来确诊？,失眠
bridge_subgraph_17621.graphml,哪种疾病在出现头痛和功能性胃肠病的同时，还可能伴随着脑电图异常和CJD的迹象？,失眠
bridge_subgraph_17610.graphml,哪种疾病在治疗时常用煅牡蛎和赤芍，且临床表现包括糖尿病和不稳定型心绞痛？,自汗
bridge_subgraph_17619.graphml,哪种疾病会出现怕热多汗和颈动脉粥样硬化的症状，并且需要同时进行心理护理和常规护理？,失眠
bridge_subgraph_17627.graphml,哪种疾病最适合采用蒙医方法结合呼吸性放松训练来治疗阴虚火旺型和肝郁化火型症状？,失眠
bridge_subgraph_17626.graphml,哪种疾病会导致骨科住院患者出现胃脘痛和失眠，同时需要进行心理护理，且与糖尿病相关？,失眠
bridge_subgraph_17622.graphml,哪种疾病的发病率高达40.82%，并且通常采用归脾汤、酸枣仁汤、阿米替林或西酞普兰进行治疗？,失眠
bridge_subgraph_17631.graphml,哪种疾病会导致功能锻炼困难、注意力不集中，并且常伴有NMS和疲劳症状？,神经介导性晕厥
bridge_subgraph_17625.graphml,哪种疾病在治疗时既需要使用疏肝解郁胶囊和中药足浴，又常与癫痫和感染同时出现？,失眠
bridge_subgraph_17633.graphml,哪种疾病会导致恶心、发热和呕吐，同时伴随其他类型的失眠？,失眠
bridge_subgraph_17628.graphml,哪种疾病在辅助治疗时常用压耳穴和穴位贴敷神门穴，且临床表现可能包括重症肌无力和病毒性肝炎？,失眠
bridge_subgraph_17632.graphml,哪种疾病在出现网络成瘾和纤维肌痛综合征的同时，还可能伴随骨折和跌伤的临床表现？,失眠
bridge_subgraph_17630.graphml,哪种疾病会导致失禁，且伴有睡眠障碍和谵妄，其发病率约为0.8%？,药物不良事件
bridge_subgraph_17618.graphml,哪种疾病在神经内科临床表现中，常通过耳穴埋豆辅助治疗，且其发病率高达28.3%，并可能引发脑卒中并发症？,失眠
bridge_subgraph_17642.graphml,哪种医学内容在涉及NSCLC和乳腺癌的同时，也会与恶性肿瘤和BGP相关联？,骨转移组
bridge_subgraph_17639.graphml,哪种疾病主要发生在皮质下，可以通过人参归脾丸治疗，且在饮酒和特定年龄人群中更易出现？,失眠
bridge_subgraph_17638.graphml,哪种医学内容在治疗外邪侵袭和体针结合耳针贴压的同时，能有效缓解心悸和心律失常？,失眠
bridge_subgraph_17645.graphml,哪种疾病会导致男性患者出现小腿双侧疼痛或双小腿疼痛，并常伴有上呼吸道感染？,儿童急性良性肌炎
bridge_subgraph_17624.graphml,哪种疾病在实验室检查中表现为血浆GABA异常，且在辅助治疗中常采用条件性情绪干预，同时药物治疗过程中需监测经颅多普勒，影像学检查中脑电图也有相应表现？,失眠
bridge_subgraph_17635.graphml,哪种疾病与Leaky Gate和GrP直接相关，且常与肺癌和肿瘤同时出现？,胃泌素释放肽
bridge_subgraph_17629.graphml,哪种疾病在临床上表现为慢性四乙基铅中毒和免疫力低下，同时在血常规检查中有异常表现，并可能伴随胃癌的出现？,失眠
bridge_subgraph_17640.graphml,哪种疾病在急性病理分型下，需要同时采用以胃为法、针对性护理和心理护理作为辅助治疗？,失眠
bridge_subgraph_17634.graphml,哪种疾病在治疗过程中常使用A型肉毒毒素和倍他米松磷酸钠，且肥胖是其高危因素，中药熏洗作为辅助治疗手段？,足底筋膜炎
bridge_subgraph_17637.graphml,哪种社会学研究涉及失眠的临床表现、肺母细胞瘤的病理分型，以及外科手术和顺铂的联合治疗？,恶性肿瘤
bridge_subgraph_17644.graphml,哪种疾病在快节奏、高压力的生活方式下容易引发，且常表现为脑出血，可以通过艾灸百会和常规护理进行辅助治疗？,失眠
bridge_subgraph_17636.graphml,哪种疾病既与溶血葡萄球菌和大肠埃希菌的病理分型相关，又可能因表皮葡萄球菌感染并在化疗后成为高危因素？,下呼吸道医院感染
bridge_subgraph_17643.graphml,哪种疾病在男性患者中，同时具备hs-CRP升高、高血压病和吸烟史等高危因素，且常在神经内科就诊？,WUS
bridge_subgraph_17649.graphml,哪种医学内容在讨论遗传代谢性肝病和hereditary hemochromatosis时，通常会与酒精性肝病和磁共振一同提及？,遗传性血色病
bridge_subgraph_17641.graphml,哪种疾病在临床上表现为发热和恶心，且常与冠心病同时出现，治疗时可能使用苯二氮(艹卓)受体激动剂？,失眠
bridge_subgraph_17648.graphml,哪种疾病在治疗过程中需要同时使用土家宁心安眠枕、心理测量、访谈、心理咨询，以及基础护理和综合护理干预？,失眠
bridge_subgraph_17654.graphml,哪种疾病在治疗时常用扎来普隆，且其病因与噪音密切相关，同时可能伴随冠心病和颈动脉粥样硬化的临床表现？,失眠
bridge_subgraph_17658.graphml,哪种检查最适合用于诊断气管内异物并同时出现的纤维支气管镜和支气管哮喘症状？,CT
bridge_subgraph_17647.graphml,哪种疾病在采用针刺加耳穴和中医推拿治疗作为辅助治疗的同时，常伴随食管癌和FTS的临床表现？,失眠
bridge_subgraph_17656.graphml,哪种疾病发病率高达19.49%，临床表现主要为药物不良反应，且常需药物联合心理干预及音乐疗法作为辅助治疗？,失眠
bridge_subgraph_17652.graphml,哪种疾病在高血压和糖尿病患者中，需要通过冠状动脉旁路术治疗，且需与肾功能不全进行鉴别诊断？,冠心病
bridge_subgraph_17646.graphml,哪种疾病在确立整体治法时需要辅助治疗，且实验室检查显示炎性因子水平升高，同时患者常伴有便秘和焦虑的临床表现？,失眠
bridge_subgraph_17650.graphml,哪种社会学理论能解释口苦和突发性耳聋在非小细胞肺癌及恶性肿瘤鉴别诊断中的关联性？,肿瘤
bridge_subgraph_17663.graphml,哪种疾病在治疗过程中最需要结合运动干预、个体化护理干预和心理干预等多种辅助治疗手段？,妇科恶性肿瘤化疗
bridge_subgraph_17651.graphml,哪种疾病通常由五脏失调引起，女性发病率更高，且需要心理干预和帕罗西汀治疗？,失眠
bridge_subgraph_17660.graphml,哪种疾病在吸烟人群中常见，通过安神中药和温胆汤辅助治疗，能有效缓解冠心病心力衰竭的症状？,失眠
bridge_subgraph_17655.graphml,哪种疾病在治疗时需要个性化治疗与辨证用药，并常辅以合谷穴位的刺激，同时患者会出现记忆力下降和头痛的临床表现？,失眠
bridge_subgraph_17671.graphml,哪种疾病会导致逼真梦境，并伴有心脏介入、高血压和冠心病的临床表现？,失眠
bridge_subgraph_17672.graphml,哪种疾病在出现颅高压和呕吐的临床表现时，通过X射线计算机断层成像（ICFG）检查能够确诊？,颅内真菌性肉芽肿
bridge_subgraph_17666.graphml,哪种疾病既会出现肺心病和女性更年期综合征的临床表现，又可能伴随发热，且在治疗中使用甘草？,失眠
bridge_subgraph_17670.graphml,哪种疾病既有情绪障碍（或称PCS），又常伴随头晕和头痛的症状？,脑震荡综合征
bridge_subgraph_17653.graphml,哪种疾病在脑超声检查中有特殊表现，且在治疗中常使用芳香性药物，同时患者可能伴有非小细胞肺癌和贫血的症状？,失眠
bridge_subgraph_17661.graphml,哪种疾病在男性患者中常与高脂血症共存，且需与高血压鉴别诊断，但通常不采用抗生素治疗？,糖尿病
bridge_subgraph_17659.graphml,哪种疾病在实验室检查中表现为炎性因子水平升高，且在治疗中常联合使用疏肝安神汤、高压氧和中药辅助治疗？,失眠
bridge_subgraph_17662.graphml,哪种疾病在男生中较为常见，且针灸配合耳针揿针能有效辅助治疗，同时患者会出现发热和腹泻的症状？,失眠
bridge_subgraph_17668.graphml,哪种疾病在治疗时会同时采用耳穴压豆和补脾益心，并伴有嗳气和恶心的症状？,失眠
bridge_subgraph_17665.graphml,哪种疾病既有长间歇期组和单双相的病理分型特点，又需要与精神分裂症进行鉴别诊断，且属于精神障碍范畴？,情感性障碍
bridge_subgraph_17657.graphml,哪种疾病在使用愈溃止血散和阿莫西林治疗的同时，还需要配合综合护理干预和综合护理来辅助治疗？,消化性胃溃疡
bridge_subgraph_17667.graphml,哪种疾病在头颅MRI检查中有特定表现，且患者常伴有RLS症状，同时需使用氯氮平或喹硫平进行治疗？,失眠
bridge_subgraph_17669.graphml,哪种疾病会导致脾肺气虚、需要助眠药物，并且常伴随恶心，需进行针对性护理？,失眠
bridge_subgraph_17673.graphml,哪种疾病在多导睡眠监测中常见，同时需要调理脾胃气机，并且可能与GERD和精神疾病并发？,失眠
bridge_subgraph_17677.graphml,哪种疾病既与心理及药物因素（如小檗碱）相关，又常伴随癌因性疲乏和普通疲乏的出现？,失眠
bridge_subgraph_17664.graphml,哪种疾病既有轻中度血管性帕金森综合征的临床表现，又常与糖尿病相关，且可能伴有抑郁并发症，需要通过心电图进行检查？,失眠
bridge_subgraph_17676.graphml,哪种疾病在老年人中多发，且与高血脂密切相关，临床表现为病耻感组，常用加味逍遥散治疗？,失眠
bridge_subgraph_17674.graphml,哪种疾病在综合护理下，患者的欧洲五维健康量表评分和糖化血红蛋白水平有明显改善，且常与脑梗死同时出现？,糖尿病合并脑卒中
bridge_subgraph_17680.graphml,哪种疾病既表现为反酸、嗳气和腹痛，又可以通过内镜下套扎术进行治疗？,肝硬化门脉高压性胃病
bridge_subgraph_17679.graphml,哪种疾病会导致疲劳和骨髓毒性，同时伴随呕吐和恶心？,非小细胞肺癌
bridge_subgraph_17675.graphml,哪种医学内容在涉及放松训练和中、重度烧伤的同时，也与高血压和癫痫发作有关？,失眠
bridge_subgraph_17678.graphml,哪种疾病既表现为腹泻和乏力，又可以通过瑜伽辅助治疗，且与原发性肝癌密切相关？,失眠
bridge_subgraph_17686.graphml,哪种疾病在手术治疗中需要削痂，且可能引发腹壁疝，同时辅以健康教育和按摩进行治疗？,烧伤后瘢痕
bridge_subgraph_17693.graphml,哪种疾病在服用补益药后会出现发热、恶心和呕吐的症状？,失眠
bridge_subgraph_17683.graphml,哪种疾病既与慢性乙型肝炎的临床表现相关，又与生活习惯有关，且在治疗过程中需要常规护理和心理护理的共同辅助？,失眠
bridge_subgraph_17681.graphml,哪种疾病在出现NMDAR脑炎的临床表现和脑电图异常的同时，还可能伴随肺炎，且多发于特定年龄段人群？,失眠
bridge_subgraph_17698.graphml,哪种疾病既可能导致神经阻滞和高血压脑出血，又常伴随脑出血和呕吐症状？,穿刺部位感染
bridge_subgraph_17682.graphml,哪种疾病在出现皮疹的同时，还会伴随呕吐和发热，且可以通过针刺配合推拿进行治疗？,失眠
bridge_subgraph_17685.graphml,哪种疾病既有腹腔镜卵巢囊肿的临床表现，又可能与生物-社会-心理-环境因素有关，且在治疗中常使用抗抑郁剂如舍曲林？,失眠
bridge_subgraph_17688.graphml,哪种疾病会出现面色不华、发热和头痛，并且需要采取循证护理措施进行辅助治疗？,失眠
bridge_subgraph_17695.graphml,哪种疾病在采用苏沃雷生治疗的同时，结合综合护理干预比仅用常规护理更能有效缓解CTTH的临床表现？,失眠
bridge_subgraph_17691.graphml,哪种疾病在治疗过程中常需结合百会穴辅助治疗、奥氮平药物治疗，并辅以心理疏导和护理干预？,失眠
bridge_subgraph_17696.graphml,哪种医学内容既与NKT细胞和伤口感染直接相关，又常与血脂和甲状腺功能亢进症同时出现？,内源性
bridge_subgraph_17689.graphml,哪种疾病在使用20 Hz hrTMS治疗和伪线圈治疗时，容易出现头晕和癫痫发作？,hrTMS
bridge_subgraph_17687.graphml,哪种疾病在老年人群中易引发腹部并发症，且在治疗过程中常需使用N-乙酰半胱氨酸，同时与食管癌的发生有一定关联？,术后呼吸功能不全
bridge_subgraph_17700.graphml,哪种疾病与MND和CEAP直接相关，且常伴随头痛和带状疱疹出现？,皮肤麻木
bridge_subgraph_17692.graphml,哪种疾病在治疗过程中常需要结合安眠药物、背部经穴手法治疗，并辅以护理干预和整体护理？,失眠
bridge_subgraph_17690.graphml,哪种疾病会导致水肿和恶心，并且实验室检查发现血清甲状腺激素异常，其发病率约为8.6%？,失眠
bridge_subgraph_17701.graphml,哪种疾病在41~45岁人群中，因脑血管畸形和高血压病共同作用，常在基底节区发病？,青年出血性脑卒中
bridge_subgraph_17684.graphml,哪种疾病在治疗过程中需要用到半夏枯草和辨证用汤药，同时患者常表现为乏力，并需配合常规护理？,失眠
bridge_subgraph_17702.graphml,哪种疾病最适合结合针灸推拿治疗、朝医太极针疗法以及护理干预和常规护理进行辅助治疗？,失眠
bridge_subgraph_17699.graphml,哪种疾病更容易使女性同时出现亚临床甲状腺功能减退症、失眠和同型半胱氨酸升高？,糖尿病
bridge_subgraph_17697.graphml,哪种医学内容与PANSS、bTBI直接相关，并且常与健康教育、血常规一同出现？,失眠
bridge_subgraph_17706.graphml,哪种疾病在姑息治疗期间常表现为纳差，并伴随呕吐和腹痛？,十二指肠恶性梗阻
bridge_subgraph_17708.graphml,哪种疾病会出现气急、肉眼血尿，并伴随胸闷和头晕的症状？,腹主动脉假性动脉瘤
bridge_subgraph_17707.graphml,哪种疾病在采用灸疗和中医护理干预的同时，还需要心理护理来辅助治疗其睡眠障碍性疾患？,失眠
bridge_subgraph_17694.graphml,哪种疾病在辅助治疗时常采用针灸任脉法，且风险评估因素包括恶梦夜惊与焦虑，同时患者常表现为腹痛和呕吐？,失眠
bridge_subgraph_17704.graphml,哪种疾病与ANCA相关且显微镜下表现为多血管炎，同时常伴随感染和混合型表现？,相关性血管炎
bridge_subgraph_17703.graphml,哪种疾病在表现为反应迟钝的同时，适合采用针刺配合耳穴贴压法治疗，且常与COPD和吸烟相关？,失眠
bridge_subgraph_17710.graphml,哪种疾病在出现肢体抖动的同时，还会伴随皮疹和发热，并且需要综合性护理辅助治疗？,肠道病毒71型手足口病
bridge_subgraph_17705.graphml,哪种疾病在参加社会活动频繁、HbA1c及抵抗素水平异常的人群中更易发生，且与受教育程度低和婚姻状况不佳密切相关？,T2DM合并MCI
bridge_subgraph_17716.graphml,哪种疾病会导致咳嗽并咳出白色泡沫样痰，同时伴有胸闷，且需要通过心电图进行检查？,急性光气中毒
bridge_subgraph_17714.graphml,哪种疾病既与遗传因素和心血管神经症密切相关，又常与恶性肿瘤和化疗同时出现？,失眠
bridge_subgraph_17711.graphml,哪种疾病会导致夜间易惊醒、中度失眠，并且可能伴随急性脑梗死和脑梗死并发症？,失眠
bridge_subgraph_17715.graphml,哪种疾病在临床上表现为偏头痛，且常伴随脑梗死并发症，可以通过针刺作为辅助治疗？,失眠
bridge_subgraph_17712.graphml,哪种疾病在高压氧联合针刺辅助治疗后，常表现为上呼吸道感染，且可能伴随急性心肌梗死和需要冠状动脉介入治疗的情况？,失眠
bridge_subgraph_17720.graphml,哪种疾病更容易发生在特定婚姻状况和宗教信仰的人群中，并且与受教育程度和年龄密切相关？,捐献
bridge_subgraph_17713.graphml,哪种疾病在治疗时常用安魂强魄调营汤加减和补肾方中药熏蒸，且患者常伴有恶心和呕吐的症状？,失眠
bridge_subgraph_17709.graphml,哪种疾病需要通过髂-颈动脉旁路术治疗，且预后生存率达到100.0%，同时伴有头痛和短暂性脑缺血的临床表现？,头臂型大动脉炎
bridge_subgraph_17717.graphml,哪种疾病在心理行为治疗作为辅助手段的同时，常伴随白细胞减少症、腹泻和发热等临床表现？,失眠
bridge_subgraph_17726.graphml,哪种疾病在中医护理措施中常伴有精神疾病症状，并且会出现食欲不振和头晕的现象？,失眠
bridge_subgraph_17718.graphml,哪种疾病既有肾病综合征和脾气虚证的临床表现，又常伴随肺癌和头晕目眩的症状？,少气懒言
bridge_subgraph_17719.graphml,哪种医学内容在涉及失眠和心功能Ⅲ级的同时，也与心脏病和SOD相关？,心力衰竭
bridge_subgraph_17728.graphml,哪种医学内容最常同时涉及躯体化、名誉受损，并且伴随敌对和强迫症状？,失眠
bridge_subgraph_17723.graphml,哪种疾病既表现为老年糖尿病合并抑郁症和气虚痰瘀证，又常伴有肥胖和代谢综合征？,失眠
bridge_subgraph_17727.graphml,哪种疾病在治疗过程中常联合使用丁螺环酮和四逆散水煎液，并可能同时辅以右美托咪定和舒适护理？,失眠
bridge_subgraph_17721.graphml,哪种疾病在急性结石性胆囊炎患者接受胆道镜保胆取石手术后，更需要结合健康教育和护理干预来促进康复？,老年结石性胆囊炎
bridge_subgraph_17725.graphml,哪种疾病在女性中更常见，且常伴有高血压，需要采用白蛋白联合呋塞米疗法及内科治疗进行综合治疗？,高龄脑出血
bridge_subgraph_17722.graphml,哪种疾病在鉴别诊断中需考虑SDB，且抑郁倾向为其高危因素，同时患者常伴有疼痛和心理护理需求？,失眠
bridge_subgraph_17724.graphml,哪种疾病在采用中医护理技术治疗心脾两虚型时，最需要结合综合护理措施来应对肺炎的并发情况？,失眠
bridge_subgraph_17729.graphml,哪种疾病在足部反射区按摩后出现跌伤，并伴随胸闷和发热的症状？,失眠
bridge_subgraph_17735.graphml,哪种疾病在治疗过程中常使用丁苯酞药物，并结合醒脑静和高压氧治疗，同时需进行脑电图检查？,一氧化碳中毒迟发性脑病
bridge_subgraph_17732.graphml,哪种疾病在临床表现为白塞病，且常用小柴胡汤加减治疗，同时可能伴有抑郁并发症，并影响心血管系统？,失眠
bridge_subgraph_17734.graphml,哪种疾病在治疗时常用平衡火罐配合穴位贴敷和针灸任脉法，且多与肾脏病变相关，同时可能需要补充维生素E？,失眠
bridge_subgraph_17733.graphml,哪种疾病在男性中较为常见，且表现为呕吐，通常可以通过柏枣双仁饮药物治疗和中医针灸辅助治疗？,失眠
bridge_subgraph_17736.graphml,哪种疾病会出现咳嗽、收缩压升高，并伴随胸闷和出汗的症状？,镇静组
bridge_subgraph_17741.graphml,哪种疾病由于心理和思虑劳伤引起，常伴随疼痛，并可通过电针治疗辅助缓解？,失眠
bridge_subgraph_17730.graphml,哪种症状在感冒和鼻颅底神经鞘瘤的临床表现中都可能出现，并且在进行鼻内镜检查时也常伴有耳鸣？,头痛
bridge_subgraph_17745.graphml,哪种疾病与快节奏、高压力的生活方式密切相关，且在治疗过程中常需配合夜宁胶囊以及心理护理和日常护理？,失眠
bridge_subgraph_17731.graphml,哪种疾病随着年龄增长和居住环境恶劣更容易发生，并且常伴有胸闷和呕吐的症状？,失眠
bridge_subgraph_17750.graphml,哪种疾病在肝郁患者中使用黛力新治疗时，最需要结合护理干预和健康教育？,失眠
bridge_subgraph_17746.graphml,哪种疾病会导致2型糖尿病，并伴随疼痛和发热，需要通过排尿指导进行辅助治疗？,失眠
bridge_subgraph_17744.graphml,哪种疾病在治疗过程中需要同时进行补钾、营养支持治疗，并且辅以足浴和常规护理？,腹部术
bridge_subgraph_17738.graphml,哪种疾病可以通过FESS手术和推拿结合矿泉浴联合治疗，并且常伴有头痛和头晕的症状？,失眠
bridge_subgraph_17742.graphml,哪种疾病通过针刺相应腧穴和综合护理干预辅助治疗，且与吸烟和糖尿病密切相关？,失眠
bridge_subgraph_17743.graphml,哪种疾病在治疗过程中需要使用佐匹克隆药物，并常伴随心理精神因素，同时还需要护理干预和护理作为辅助治疗？,失眠
bridge_subgraph_17737.graphml,哪种疾病在手术后会出现非运动症状，并且适合采用中药穴位贴敷和睡眠护理作为辅助治疗，同时需要通过体格检查进行辅助诊断？,失眠
bridge_subgraph_17739.graphml,哪种疾病在治疗时通常会联合使用舒乐安定和丹参注射液，同时还需要配合常规治疗，以缓解轻中度抑郁症的症状？,失眠
bridge_subgraph_17740.graphml,哪种疾病在治疗时需要采用第三脑室底造瘘和软性神经内镜手术，并且常伴有癫痫并发症，还需进行相应的护理辅助治疗？,小儿梗阻性脑积水
bridge_subgraph_17747.graphml,哪种疾病可以通过背部经穴手法辅助治疗，并且常见血郁病因及发热、乏力的临床表现？,失眠
bridge_subgraph_17751.graphml,哪种疾病可以通过疏肝调神针刺法辅助治疗，且临床表现为职业倦怠，常与血府逐瘀汤和酸枣仁汤联合用药？,失眠
bridge_subgraph_17752.graphml,哪种疾病在进行消化道恶性肿瘤的PCR检测时，常伴随代谢综合征的药物治疗和急性脑梗死的辅助治疗？,抗凝血
bridge_subgraph_17749.graphml,哪种疾病在临床表现上类似于肠结核，且在治疗时除了使用四神丸外，还常配合中药穴位贴敷，主要发病部位在脾？,五更泻
bridge_subgraph_17760.graphml,哪种症状最有可能同时伴随失眠、抑郁以及高血压和便秘的出现？,发热
bridge_subgraph_17757.graphml,哪种疾病在降压治疗作为辅助手段、强调健康信念预防的同时，常需通过心电图进行影像学检查，并监测血脂水平作为实验室检查的重要内容？,高血压合并脑卒中
bridge_subgraph_17758.graphml,哪种症状在第54例中与失眠同时出现，并且伴随呼吸困难及咳嗽？,发热
bridge_subgraph_17755.graphml,哪种症状在采用膳食干预和针灸治疗的同时，通过汉密顿抑郁量表评估和护理干预后，能够得到显著改善？,抑郁
bridge_subgraph_17756.graphml,哪种疾病在改善中医体质和辅助治疗方面有效，且与子宫内膜异位症和缺血性脑卒中的风险评估相关，同时需要进行高血压的辅助检查？,中医体质
bridge_subgraph_17748.graphml,哪种疾病在并发NMDAR脑炎和发热的同时，还可能与支气管哮喘相关并导致呼吸道超鞭毛虫感染？,肺炎
bridge_subgraph_17761.graphml,哪种疾病在预剪枝处理后，常需进行经皮冠状动脉支架术，并且与血液透析和PCI同时出现？,动脉粥样硬化性心脏病
bridge_subgraph_17766.graphml,哪种疾病在看书时容易疏肝，且常与舍曲林和抗抑郁治疗同时出现？,失眠
bridge_subgraph_17762.graphml,哪种疾病在服用氯氮平治疗躁狂症时，容易同时出现需要降压治疗和肾功能减退的情况？,糖尿病
bridge_subgraph_17753.graphml,哪种疾病在进行辨证调护和保持舒适卧位的同时，还需要特别重视护理干预，并且常与心肌梗死相伴发生？,失眠
bridge_subgraph_17754.graphml,哪种疾病在同时出现颈动脉粥样硬化和使用生脉注射液或BCBT治疗时，更容易受年龄影响？,失眠
bridge_subgraph_17765.graphml,哪种疾病会导致桥小脑角病变，并在颅脑CT和磁共振检查中出现头痛症状？,颅内脂肪瘤
bridge_subgraph_17764.graphml,哪种疾病在治疗过程中常会同时使用氯氮平、喹硫平和阿立哌唑，且可以通过合谷穴进行辅助治疗？,失眠
bridge_subgraph_17773.graphml,哪种疾病在三叉旁核的结构性MRI检查中常与肺癌和耳鸣同时出现？,PTN
bridge_subgraph_17759.graphml,哪种疾病在治疗时需要使用双异丙吡胺，影像学检查表现为心脏直视，且常伴有急性心肌梗死和颈椎病的临床表现？,顽固性心律失常
bridge_subgraph_17774.graphml,哪种疾病在男性中较常见，且可能与少量饮酒和吸烟有关，常使用甘草泻心汤进行治疗？,失眠
bridge_subgraph_17770.graphml,哪种疾病会导致喂养困难、螺旋CT异常，并伴随胸闷和心电图异常？,右冠状动脉畸形
bridge_subgraph_17768.graphml,哪种医学内容在灯盏花素片和阿托伐他汀的治疗过程中，与常规护理和NIHSS评分的改善效果最为相关？,A IS
bridge_subgraph_17769.graphml,哪种疾病在宫颈癌前病变和坠积性肺炎患者中，常与SAS和舒适护理同时出现？,下肢静脉栓塞
bridge_subgraph_17776.graphml,哪种疾病在磁共振成像上表现为胼胝体压部可逆性病变，且血常规检查异常，通常采用阿奇霉素联合丙种球蛋白治疗？,支原体脑炎
bridge_subgraph_17771.graphml,哪种疾病会导致血肿扩大症状和复发性肿瘤，且常伴有NIHSS评分升高和高血压病史？,急性出血性卒中
bridge_subgraph_17772.graphml,哪种疾病在临床上既表现出阿尔茨海默病和抑郁性心理障碍的特点，又常与急性脑梗死和老年性痴呆的症状同时出现？,生活能力下降
bridge_subgraph_17775.graphml,哪种疾病在G+菌感染并使用抗生素治疗的情况下，特别需要护理干预并结合腹膜透析进行治疗？,相关性腹膜炎
bridge_subgraph_17767.graphml,哪种疾病在卒中后常表现为焦虑抑郁，且通过脑功能磁共振成像可检测，同时可能伴随肝硬化，并需要综合护理辅助治疗？,失眠
bridge_subgraph_17780.graphml,哪种疾病会出现腹上区包块，并伴有乏力和发热，且腹上区增强CT检查可见异常？,右季肋区疼痛
bridge_subgraph_17763.graphml,哪种疾病在内科治疗中，常表现为慢性心力衰竭，并适合采用左升右降微针调气法辅助治疗及黄连温胆汤进行药物治疗？,失眠
bridge_subgraph_17781.graphml,哪种社会学研究能更全面地评估睡眠情况、心血管疾病及冠心病等风险因素与血脂病因之间的关联？,高血压
bridge_subgraph_17778.graphml,哪种疾病在临床上表现为焦虑和急躁，且常采用耳穴压豆综合护理、针灸疗法和穴位贴敷作为辅助治疗？,失眠
bridge_subgraph_17783.graphml,哪种疾病因忧虑导致肝阳上亢，同时伴随腰背痛和体重减轻？,失眠
bridge_subgraph_17779.graphml,哪种疾病会导致气血两虚、阳气耗损，并伴随颈肩痛，同时在心电图检查中有异常表现？,失眠
bridge_subgraph_17786.graphml,哪种疾病在采用中药饮片治疗的同时，常表现出恶性肿瘤症状，且其发病与性别有一定关联？,失眠
bridge_subgraph_17782.graphml,哪种疾病在治疗时既需要星状神经节阻滞和单用唑吡坦，又离不开护理和常规护理的辅助？,失眠
bridge_subgraph_17777.graphml,哪种疾病在进行生化检验时，HVEM指标异常，且常伴随血常规异常和肝病表现？,病毒肝炎
bridge_subgraph_17785.graphml,哪种疾病在神经系统与消化系统同时出现，且表现为易衰弱，可以通过炒枣仁进行治疗？,失眠
bridge_subgraph_17784.graphml,哪种疾病可以通过按摩足三里、照海、四神聪、百会穴辅助治疗，并结合药物治疗，同时表现为切口疼痛和头痛？,失眠
bridge_subgraph_17795.graphml,哪种疾病会出现意识障碍、头痛和失语，且发病率约为1.37%？,妊高征中脑卒中
bridge_subgraph_17798.graphml,哪种疾病在采用清热化痰法治疗时，有33.3%的患者同时患有高血压和OSA？,失眠
bridge_subgraph_17796.graphml,哪种疾病在综合护理干预下，通过QLQ-C30评估显示肝病患者的综合护理效果最为显著？,失眠
bridge_subgraph_17805.graphml,哪种疾病在眼科就诊时，除了常规治疗外，还需要进行睫状体光凝和出院指导作为辅助治疗？,眼外伤继发青光眼
bridge_subgraph_17789.graphml,哪种疾病在MMPI影像学检查中常见，且临床表现为紧张性头痛，同时伴随腹泻和需要胃肠减压的症状？,失眠
bridge_subgraph_17800.graphml,哪种疾病在辅助治疗中常采用耳穴按摩和良好的沟通，并且其临床表现包括关节痛和干咳？,失眠
bridge_subgraph_17793.graphml,哪种社会学理论能够解释3级高血压患者在使用氢氯噻嗪治疗过程中，同时出现肺癌和冠心病风险的复杂现象？,高血压
bridge_subgraph_17801.graphml,哪种疾病在出现纳差和需要起居护理的同时，还常伴随情志护理的需求和慢性胃炎的症状？,肺脾气虚
bridge_subgraph_17788.graphml,哪种疾病会导致使用土家宁心安眠枕后睡眠时间仍然较短，并伴随呕吐和冠心病室性早搏的症状？,失眠
bridge_subgraph_17787.graphml,哪种疾病在采用甲氨蝶呤联合激素治疗时，常伴随尿常规异常和皮疹的临床表现，且与JRA有关？,幼年类风湿性关节炎
bridge_subgraph_17791.graphml,哪种疾病在治疗过程中需要使用苯二氮卓类药物，并可能表现为腔隙性脑梗死，同时还需要结合健康教育和综合护理进行辅助治疗？,失眠
bridge_subgraph_17797.graphml,哪种疾病会导致醒后无法再次入睡，并伴随腹胀和需要胃肠减压，且高压氧可作为辅助治疗手段？,失眠
bridge_subgraph_17790.graphml,哪种疾病在NIHSS评分较高、糖尿病患者中更易发生，且常伴随感染和VCI高危因素？,失眠
bridge_subgraph_17804.graphml,哪种疾病在采用左升右降微针调气法和头部穴位按摩的同时，还能通过综合护理干预和化疗进行有效治疗？,失眠
bridge_subgraph_17807.graphml,哪种疾病在男性中更常见，且常表现为BZDs类药物依赖综合征和社区脑卒中的症状，同时伴随原发性高血压？,失眠
bridge_subgraph_17794.graphml,哪种疾病既与A2型等位基因相关，又常伴有抽动秽语综合征并发症，并且可以通过推拿和按摩辅助治疗？,注意力缺陷多动症
bridge_subgraph_17806.graphml,哪种疾病在治疗时常用变频推拿睡眠导入法辅助，并配合苯二氮革类药物，且患者常表现为头痛和呕吐？,失眠
bridge_subgraph_17809.graphml,哪种疾病在早期康复护理和增强CT扫描中常见，且常伴随康复护理和针灸治疗？,腰椎间盘术
bridge_subgraph_17810.graphml,哪种疾病在服用抗精神病药物后可能导致心肌纤维化，并且通常需要通过磁共振成像和心电图来进行影像学检查？,心电异常
bridge_subgraph_17808.graphml,哪种疾病在服用睡眠药后容易出现新生抑郁，并伴随发热和烦躁的症状？,失眠
bridge_subgraph_17792.graphml,哪种疾病可能导致考试压力过大和矿泉浴后出现水肿，并常与2型糖尿病同时出现？,失眠
bridge_subgraph_17803.graphml,哪种疾病在治疗过程中需要使用镇静剂和星状神经节阻滞，且患者常伴有乏力和口干症状？,失眠
bridge_subgraph_17799.graphml,哪种疾病在采用酸枣仁汤治疗的同时，常表现出浅表型胃炎、易激惹和情绪不稳定等症状？,失眠
bridge_subgraph_17813.graphml,哪种疾病在治疗过程中需要同时采用右美托咪定、行为干预、针灸治疗和康复护理？,失眠
bridge_subgraph_17812.graphml,哪种疾病在采用中药足浴联合涌泉穴按摩辅助治疗的同时，配合常规护理，能有效改善睡眠质量较差的症状？,失眠
bridge_subgraph_17815.graphml,哪种疾病会导致血液科就诊，并伴随出血、关节痛和发热的临床表现？,继发性嗜血细胞综合征
bridge_subgraph_17811.graphml,哪种疾病在老年糖尿病合并抑郁症的临床表现中，容易引发结肠癌并发症，且需要通过心理护理和综合护理干预来进行辅助治疗？,失眠
bridge_subgraph_17814.graphml,哪种疾病可以通过耳穴压豆加心理护理辅助治疗，主要发病部位在肾，并伴有不适和疼痛的临床表现？,失眠
bridge_subgraph_17816.graphml,哪种疾病在百会治疗和整体护理中常见，且常与急性心肌梗死和心肌梗死同时出现？,失眠
bridge_subgraph_17823.graphml,哪种疾病会出现咯血和咳嗽，同时伴随发热且需要进行化疗？,心脏血管肉瘤
bridge_subgraph_17802.graphml,哪种社会学理论能更好地解释糖尿病患者视网膜病变和家族史的高危因素，以及健康教育在辅助治疗中的作用和吸烟在风险评估中的影响？,高血压
bridge_subgraph_17822.graphml,哪种疾病在进行纤维支气管镜检查时，常伴随失眠和发热，且可能与结核病同时出现？,肺癌
bridge_subgraph_17824.graphml,哪种疾病会导致骨形态发生蛋白异常和干骺端肥大，并常伴随骨折和感染？,骨骺损伤
bridge_subgraph_17817.graphml,哪种疾病在肥胖和糖尿病患者中，因切口暴露时间长而更需要引流治疗作为辅助治疗？,妇产科腹部切口脂肪液化
bridge_subgraph_17826.graphml,哪种疾病在治疗过程中需要同时使用高压氧和帕罗西汀，并且常伴随脑电图监测和异丙酚的使用？,癫痫
bridge_subgraph_17819.graphml,哪种疾病在服用催眠药物且有高血压病史的患者中，乡村全科医生常观察到其临床表现，且治疗时可能使用右美托咪定？,失眠
bridge_subgraph_17828.graphml,哪种疾病既可能导致噪声性耳聋和焦虑症，又常伴随发热和腹痛？,失眠
bridge_subgraph_17831.graphml,哪种疾病在老年冠心病患者中，常表现为失眠，且通过Gensini评分和心电图检查可辅助诊断？,冠心病
bridge_subgraph_17825.graphml,哪种疾病是由葡萄糖转运子9的变异引起的，常表现为ARDS，且需与肥胖鉴别诊断，同时可能转化为高血压病？,代谢病
bridge_subgraph_17821.graphml,哪种疾病在中老年人中多发，临床表现为眩晕，并且可以通过针灸推拿和光照疗法进行辅助治疗？,失眠
bridge_subgraph_17837.graphml,哪种疾病在高血压史和缺乏主观支持的情况下，更容易与抑郁状态和不良婚姻状况同时出现？,卒中后残疾
bridge_subgraph_17827.graphml,哪种疾病在采用电针治疗和中医护理方案的同时，常常也会配合刮痧疗法来缓解老年冠心病心绞痛的症状？,失眠
bridge_subgraph_17832.graphml,哪种疾病在治疗过程中通常会结合γ-GABA和认知疗法，并可能同时辅以中医护理和针灸治疗？,失眠
bridge_subgraph_17834.graphml,哪种社会学理论能更好地解释青壮年脑卒中高危因素（如肥胖和高血压病）与失眠这一临床表现之间的关联？,高血压
bridge_subgraph_17836.graphml,哪种疾病在治疗过程中会同时使用朝药汤剂和多巴丝肼片，并且患者常伴有腹痛和发热的症状？,失眠
bridge_subgraph_17841.graphml,哪种疾病既会导致内伤和蛋白尿，又常伴随冠心病和眩晕症状？,瘀血内阻
bridge_subgraph_17835.graphml,哪种疾病在磁共振成像检查中常见，且需服用舒乐安定片治疗，同时可能伴有癫痫发作和需要调脂治疗的辅助治疗？,糖尿病
bridge_subgraph_17830.graphml,哪种疾病在老年慢性病患者中容易引发抑郁，且在社会节律干预联合药物治疗中，需要与小柴胡汤一同使用来鉴别诊断抑郁障碍？,失眠
bridge_subgraph_17838.graphml,哪种疾病在治疗过程中需要使用血清脑颗粒联合右佐匹克隆片，并辅以干预措施，同时患者常出现眩晕和心悸症状？,失眠
bridge_subgraph_17829.graphml,哪种疾病在针对性健康教育和安魂强魄调营汤加减治疗的同时，还常在骨科有临床表现且与遗传因素密切相关？,失眠
bridge_subgraph_17839.graphml,哪种疾病在脾肾亏虚的情况下，通过呼吸性放松训练辅助治疗，且常伴随感冒和肺炎的临床表现？,失眠
bridge_subgraph_17840.graphml,哪种疾病会导致中央旁小叶和丘脑左侧板内核受损，同时出现疼痛和认知障碍？,SCA3
bridge_subgraph_17833.graphml,哪种疾病在治疗过程中需要同时进行疼痛护理和常规护理，并使用肝素钙低分子药物治疗，且患者常伴有便秘症状？,急性心肌梗死病
bridge_subgraph_17846.graphml,哪种疾病会出现呼吸困难和昏迷，并伴随呕吐和发热的症状？,第90例
bridge_subgraph_17845.graphml,哪种疾病会导致足底按摩后头晕，且透析不充分时症状加重，还可能与吸烟有关？,失眠
bridge_subgraph_17842.graphml,哪种疾病在吸毒和特定性别人群中，因抗菌药物使用而更易导致感染性心内膜炎？,社区获得性MRSA
bridge_subgraph_17853.graphml,哪种医学内容与高压氧和习惯性打鼾直接相关，且常伴随呕吐和PCI出现？,心力衰竭
bridge_subgraph_17848.graphml,哪种疾病在康复医学科中常见，且与慢乙肝患者吸烟引起的脑缺血密切相关？,失眠
bridge_subgraph_17818.graphml,哪种疾病在治疗过程中会用到礞石滚痰丸，临床表现需要腹腔镜组介入，且病因可能与穴位按摩相关，同时需要系统的循证护理作为辅助治疗？,失眠
bridge_subgraph_17843.graphml,哪种疾病在使用六味安神胶囊和茎突综合征治疗的同时，还需考虑合并使用舍曲林或西酞普兰？,失眠
bridge_subgraph_17847.graphml,哪种疾病在出现Ⅰ级反应和板式药物使用时，通常需要配合心理护理，并参考TESS进行评估？,副反应
bridge_subgraph_17851.graphml,哪种疾病会导致面色苍黄、恶心，并且需要护理干预，类似于CKD4的情况？,慢性肾脏病4期
bridge_subgraph_17856.graphml,哪种疾病在以“家庭为中心”的心理护理辅助治疗中，与中风转化密切相关，且其病因和心理护理都涉及心理因素？,心因性疾病
bridge_subgraph_17854.graphml,哪种疾病在垂前发病，常表现为亚健康和冠心病，且需用艾司西肽普兰治疗？,失眠
bridge_subgraph_17844.graphml,哪种疾病在治疗时通常会同时使用七叶神安滴丸和解郁养血安神汤，并且需要配合重症肌无力的循证护理？,失眠
bridge_subgraph_17855.graphml,哪种疾病在治疗过程中需要结合肢体取穴针刺法和太极拳训练，并且常常伴随恶心症状，需要特别的护理干预？,失眠
bridge_subgraph_17850.graphml,哪种疾病在头颈部发病，通过磁共振影像学检查可发现，且常需采用局部切除手术治疗，类似于小儿恶性血管瘤的病理分型？,血管外皮瘤
bridge_subgraph_17820.graphml,哪种疾病在感染因素影响下，需要使用茵栀黄颗粒治疗，并且通常伴随常规护理和光疗？,新生儿黄疽
bridge_subgraph_17860.graphml,哪种疾病在总分较高且对生活满意度较低的情况下，更常与性别和冠心病同时出现？,老年人生命质量
bridge_subgraph_17849.graphml,哪种疾病在头颈部发病，服用酸枣仁龙牡煎后心血管症状加重，且通过磁共振检查可以观察到相关影像学改变？,失眠
bridge_subgraph_17862.graphml,哪种疾病会出现高热、腹痛，并伴随呕吐和隐痛？,第6例
bridge_subgraph_17866.graphml,哪种疾病常由糖尿病和血脂异常作为高危因素，且通过三维CT成像技术进行影像学检查来诊断脑血管疾病？,颈动脉粥样硬化疾病
bridge_subgraph_17857.graphml,哪种疾病会导致心率增快，并且在质子磁共振波谱分析中有特征性表现，同时常与抑郁症和帕罗西汀的使用相关？,失眠
bridge_subgraph_17859.graphml,哪种疾病会导致凌晨早醒，且中医针灸辅助治疗效果明显，同时患者伴有高血压病史和一定年龄特征？,失眠
bridge_subgraph_17865.graphml,哪种疾病在治疗过程中需要结合糖皮质激素药物和超前护理，并常常同时采用综合护理干预与常规护理干预？,慢性乙型肝炎肝衰竭
bridge_subgraph_17861.graphml,哪种疾病在血清酶学检查中表现明显，并且需要通过加强急性脑中风患者的护理和心理疏导来进行辅助治疗？,急性脑中风
bridge_subgraph_17852.graphml,哪种疾病在MMT时间长的情况下，服用逍遥丸治疗时，常伴随恶心和腹泻的症状？,失眠
bridge_subgraph_17872.graphml,哪种医学内容在涉及尼群地平治疗肝郁化火型慢性心力衰竭或心力衰竭时最为相关？,失眠
bridge_subgraph_17871.graphml,哪种疾病会导致极早发型炎症性肠病，并伴随肛周病变、腹痛和发热的临床表现？,VEO-IBD
bridge_subgraph_17869.graphml,哪种疾病既能通过平衡针针刺治疗，又适合使用补益药，且常常伴有心悸和糖尿病的症状？,失眠
bridge_subgraph_17875.graphml,哪种疾病在并发丙型肝炎时，需要特别针对性的护理措施？,失眠
bridge_subgraph_17867.graphml,哪种疾病在新乐康治疗肝郁血瘀证的同时，还需要特别注意心理护理，并且可能并发心力衰竭？,失眠
bridge_subgraph_17868.graphml,哪种疾病在常规护理和心理护理干预中都需要特别关注，并且常伴随乳腺炎和小儿呼吸系统疾病的出现？,失眠
bridge_subgraph_17870.graphml,哪种疾病会导致地西泮片服用后出现日间功能受损，并伴随头晕和嗜睡的症状？,失眠
bridge_subgraph_17873.graphml,哪种疾病在消化内科中占比12.4%，且男性患者中常伴有支架内再狭窄的情况？,糖尿病
bridge_subgraph_17883.graphml,哪种疾病在中度失眠的对照组中，与精神病和失语同时出现的可能性较高？,失眠
bridge_subgraph_17882.graphml,哪种疾病会导致胸痛和腹膜异常，同时伴随腹胀和腹痛？,肉瘤样恶性间皮瘤
bridge_subgraph_17864.graphml,哪种疾病会导致骨质增生，并可能伴随原发性肝癌和高血压，且可以通过食欲素受体拮抗剂进行治疗？,失眠
bridge_subgraph_17863.graphml,哪种疾病在足底按压护理辅助治疗下能有效缓解慢性痛，且需与抑郁障碍进行鉴别诊断，并可能伴随抑郁并发症？,失眠
bridge_subgraph_17874.graphml,哪种疾病会导致睡眠潜伏期延长、FSS阳性，并且常与化疗和低热同时出现？,失眠
bridge_subgraph_17881.graphml,哪种医学内容在治疗帕金森病（PD）时，通常会结合运动处方和压耳穴的方法？,失眠
bridge_subgraph_17880.graphml,哪种疾病在高原地区发病率高达14.3%，且常伴有高原病、静脉炎和头晕的临床表现？,失眠
bridge_subgraph_17885.graphml,哪种疾病同时具有风湿性心瓣膜病变、高脂血症、高血压和糖尿病作为高危因素？,青壮年脑梗死
bridge_subgraph_17858.graphml,哪种疾病在出现肺结节需要鉴别诊断的同时，还伴随头晕这一临床表现，且在围手术期管理中需要特别关注基础疾病的风险评估因素？,新冠病毒感染
bridge_subgraph_17889.graphml,哪种疾病会出现病理征阳性、皮疹，并且伴随血糖升高和肢体抖动？,EV71型重症HFMD
bridge_subgraph_17888.graphml,哪种疾病在脑卒中后会出现抑郁、呕吐和皮疹，且可以采用清热化痰法辅助治疗？,失眠
bridge_subgraph_17879.graphml,哪种疾病在治疗过程中常需配合罗通定和解郁合欢汤，并且还需要综合护理和护理干预作为辅助治疗？,失眠
bridge_subgraph_17878.graphml,哪种疾病会导致失眠，并常伴有急性并发症，且在偏颇质病理分型中，2型糖尿病是其高危因素？,糖尿病
bridge_subgraph_17877.graphml,哪种疾病在采用针刺法配合循经闪罐法辅助治疗时，患者常伴有高血压和八段锦表现，且服药和睡眠中易惊醒是风险评估的重要因素？,失眠
bridge_subgraph_17876.graphml,哪种疾病在出现轻度认知功能障碍和肝硬化合并肺炎的同时，还伴随CRP或血清C反应蛋白的升高？,糖尿病
bridge_subgraph_17886.graphml,哪种疾病在治疗时通常需要联合使用白龙解郁颗粒、疏肝和胃方以及奥氮平进行综合治疗？,肿瘤相关性抑郁
bridge_subgraph_17884.graphml,哪种疾病在进行B超检查和以蒽环类药物为基础的联合化疗的同时，还需要考虑乳腺癌的病理分型并进行心理干预作为辅助治疗？,妊娠期乳腺癌
bridge_subgraph_17887.graphml,哪种疾病会导致乳腺肿块和乳腺异常，同时伴随混合型血脂异常的出现？,脂肪型
bridge_subgraph_17896.graphml,哪种疾病在进行置管操作时需要结合综合性的护理方案，并且常常伴随使用音乐疗法和循证护理？,新生儿PICC
bridge_subgraph_17891.graphml,哪种疾病在采用手术治疗老年便秘的同时，还需要使用咪达唑仑药物治疗，并可能伴随肺癌的手术治疗以及循证护理的辅助治疗？,胸腔镜肺癌根治术
bridge_subgraph_17894.graphml,哪种疾病会导致肢体疼痛和肺癌，并且可能伴随中毒和水肿的临床表现？,失眠
bridge_subgraph_17890.graphml,哪种疾病会导致虚阳浮越扰神，并在QLQ-C30量表评估中出现，同时伴随文拉法辛治疗和卒中后抑郁的症状？,失眠
bridge_subgraph_17893.graphml,哪种疾病在采用足浴治疗的同时，也常配合针刺和针灸治疗，且其临床表现可能包括浅表型胃炎？,失眠
bridge_subgraph_17892.graphml,哪种疾病发病率约为9.0%，临床表现包括烦躁，并且可以通过护理干预预防及使用缬沙坦进行药物治疗？,糖尿病
bridge_subgraph_17895.graphml,哪种疾病会导致性生活异常和轻度以上功能性躯体不适，同时伴随心慌和气短？,倦怠组
bridge_subgraph_17898.graphml,哪种疾病在术后伤口疼痛和护理干预方面，常与脑梗死和COPD同时出现？,失眠
bridge_subgraph_17897.graphml,哪种疾病在治疗过程中常需结合核心稳定训练和悬吊运动训练，并辅以心理疏导和运动疗法？,非特异性下背痛
bridge_subgraph_17902.graphml,哪种疾病在术前合并症和术后并发症的发生中较为常见，且与年龄增长和颈椎病并发密切相关？,术后急性精神障碍
bridge_subgraph_17903.graphml,哪种疾病会同时出现α1-酸性糖蛋白升高、病毒性感染，并伴随COPD和认知功能障碍？,AAG
bridge_subgraph_17899.graphml,哪种疾病在治疗过程中会同时使用透明质酸钠和超声，并结合中药熏洗和常规护理？,膝关节退行性变
bridge_subgraph_17900.graphml,哪种疾病会导致睡而易醒，且在进行点穴推拿时，常与急性心肌梗死和心血管疾病同时出现？,失眠
bridge_subgraph_17907.graphml,哪种医学内容同时涉及失眠、中晚期乳腺癌，并且与血栓弹力图和卡铂相关？,乳腺癌
bridge_subgraph_17905.graphml,哪种疾病在气郁病因下，通过镇静催眠药治疗，同时可能引发食管癌，并常见于头颈部发病？,失眠
bridge_subgraph_17912.graphml,哪种疾病会在女性中更常见，并表现为睡眠中肢体运动增多、吸毒以及高血压？,失眠
bridge_subgraph_17908.graphml,哪种疾病发病率高达8.6%，临床表现包括自身免疫性疾病和重症肌无力，且可通过调和阴阳进行辅助治疗？,失眠
bridge_subgraph_17910.graphml,哪种疾病在临床上常表现为椎动脉型颈椎病和MG，且在心电图检查中有所体现，同时可能伴随支气管炎的症状？,失眠
bridge_subgraph_17917.graphml,哪种疾病会导致谵妄和TMJ区疼痛，并常伴随焦虑和EDS？,失眠
bridge_subgraph_17909.graphml,哪种疾病在朝药汤剂治疗中，结合健康信念模式，对急性脑梗死和脑梗死有显著疗效？,失眠
bridge_subgraph_17906.graphml,哪种疾病在≥85岁人群中易发，常伴随神经系统疾病，且在治疗时需同时考虑COPD和2型糖尿病的辅助治疗？,营养问题
bridge_subgraph_17901.graphml,哪种疾病在完成治疗后预后较好，且常使用眠安宁颗粒治疗，同时可能导致糖尿病并伴有代谢综合征的临床表现？,失眠
bridge_subgraph_17904.graphml,哪种疾病在围绝经期失眠的病理分型中，常需使用抗精神类药物治疗，且可能与糖尿病相关，需要通过尿常规进行实验室检查？,失眠
bridge_subgraph_17915.graphml,哪种疾病在尸检时常见网状青斑，且常与男性心肌梗死同时出现？,结节性动脉周围炎
bridge_subgraph_17913.graphml,哪种疾病在采用针对性护理模式治疗消化系统肿瘤的女性中，婚姻状况对其康复影响最为显著？,失眠
bridge_subgraph_17911.graphml,哪种疾病在傣医药治疗过程中，与长时间（≥4小时）使用电子产品密切相关，且常伴随血液透析和血常规检查？,失眠
bridge_subgraph_17914.graphml,哪种疾病除了帕金森病的非运动障碍如情绪沮丧、焦虑外，还常伴有腹泻和恶心等症状？,失眠
bridge_subgraph_17920.graphml,哪种疾病会导致面部凹陷性瘢痕和瘢痕化，并伴随疼痛和肿瘤，需要手术治疗？,脂肪移植
bridge_subgraph_17926.graphml,哪种疾病在社会支持弱的情况下，肿瘤科护士更容易观察到，且与患者的肿瘤及婚姻状况密切相关？,共情疲劳
bridge_subgraph_17921.graphml,哪种疾病在轻型胰腺炎和HCs患者中较常见，且常与COPD和2型糖尿病同时出现？,健康体检者
bridge_subgraph_17922.graphml,哪种疾病在治疗过程中常需结合牵引疗法和按摩，且患者常伴有头晕症状？,颈动脉型颈椎病
bridge_subgraph_17923.graphml,哪种疾病在产科专科护理和妇产科病理分型中，常常需要结合护理和健康宣教进行辅助治疗？,舒适组
bridge_subgraph_17924.graphml,哪种疾病在护理过程中常与创伤后应激障碍相伴，且可能同时出现酒精性肝病和腹泻的症状？,失眠
bridge_subgraph_17927.graphml,哪种疾病会导致心神不安，并伴随腹胀和腹泻，通常可用杞菊地黄丸治疗？,失眠
bridge_subgraph_17916.graphml,哪种疾病在拔牙手术后容易引发术后感染，且需要特别考虑血液病的病理分型，同时辅以舒适护理干预？,糖尿病
bridge_subgraph_17929.graphml,哪种疾病既表现为出汗和肝硬化，又可能由经济压力引起，且治疗时常用褪黑素？,失眠
bridge_subgraph_17918.graphml,哪种社会学理论能解释恐惧的临床表现与胃肠功能异常的并发症，并考虑肥胖或超重作为风险评估因素？,高血压
bridge_subgraph_17933.graphml,哪种疾病在居住环境恶劣的情况下容易发生，且常伴有高血压和高血脂，可以通过化痰法辅助治疗？,失眠
bridge_subgraph_17919.graphml,哪种疾病在1.5tMR血管造影成像术和基质金属蛋白酶-6(MMP-6)检查中表现明显，且在治疗过程中常使用右美托咪定和综合护理？,脑血管瘤
bridge_subgraph_17930.graphml,哪种症状在面肌痉挛和失眠的同时出现，且可能与骨髓炎和肝损伤有关？,发热
bridge_subgraph_17936.graphml,哪种疾病既与半椎体畸形和胸腰椎骨折直接相关，又常与吸烟和骨折同时出现？,假关节形成
bridge_subgraph_17925.graphml,哪种疾病在表现为精神不佳和FD的同时，常采用针药联合治疗，且药物治疗中会使用阿普唑仑？,失眠
bridge_subgraph_17928.graphml,哪种疾病在出现CFS和血清脑颗粒联合右佐匹克隆片治疗的同时，还常伴随抑郁症状和需要使用黛力新治疗？,失眠
bridge_subgraph_17935.graphml,哪种疾病会导致呼吸加速、情绪抑郁，并且常伴有头晕和多梦的症状？,噪声性听觉损害
bridge_subgraph_17932.graphml,哪种疾病在冠心病尤其是复杂冠状动脉病变的治疗中，常常需要使用葛根素并配合经皮冠状动脉介入(PCI)术？,糖尿病
bridge_subgraph_17937.graphml,哪种疾病在辅助治疗上常采用放松心情和针刺方法，且临床表现以兴奋型为主，并需要通过心电图进行影像学检查？,失眠
bridge_subgraph_17934.graphml,哪种疾病在采用福辛普利治疗的同时，还会结合中药足浴和针刺治疗来改善失眠症状？,糖尿病
bridge_subgraph_17938.graphml,哪种疾病会导致CJD并经常不易入寐，且常与吸烟、饮酒同时出现？,失眠
bridge_subgraph_17939.graphml,哪种疾病在治疗过程中通常会同时采用呼吸性放松训练和右佐匹隆片，并结合常规护理和基础护理？,失眠
bridge_subgraph_17943.graphml,哪种疾病既表现为失眠，又可能出现感觉异常和肌痉挛，类似于幼年型纤维肌痛综合征？,FMS
bridge_subgraph_17942.graphml,哪种疾病通常会同时出现嗳气和脑血栓，并且也可能伴随支气管哮喘和心血管疾病？,失眠
bridge_subgraph_17941.graphml,哪种疾病在父母养育方式评价量表筛查中与人格障碍相关，且常伴随焦虑症状，需要护理干预作为辅助治疗？,独生子女精神分裂症
bridge_subgraph_17947.graphml,哪种社会学理论能更好地解释肿瘤化疗过程中PICC管和人性化护理对患者心理和社会适应的影响？,肿瘤
bridge_subgraph_17945.graphml,哪种疾病在出院后方便就医且适合进行优质护理干预和针灸治疗，同时需要考虑患者年龄的风险评估？,脊柱骨折合并脊髓损伤
bridge_subgraph_17931.graphml,哪种疾病会出现恶心、腹胀，甚至老年痴呆的临床表现，并且可以通过变频推拿睡眠导入法进行辅助治疗？,失眠
bridge_subgraph_17940.graphml,哪种疾病在治疗过程中常需同时采用针刺配合耳穴按压、个体化心理治疗以及药物治疗，且与慢性肾衰竭密切相关？,失眠
bridge_subgraph_17950.graphml,哪种疾病在治疗时针刺配合推拿效果显著，且常使用酸枣仁汤，同时可能出现肿瘤和新型冠状病毒肺炎的临床表现？,失眠
bridge_subgraph_17948.graphml,哪种疾病在采用手针配伍体针辅助治疗时，常伴随脑性瘫痪、腹泻和呕吐的临床表现？,失眠
bridge_subgraph_17952.graphml,哪种疾病既有生理因素导致的原发性失眠，又常伴随低热和血常规异常？,失眠
bridge_subgraph_17951.graphml,哪种症状会同时伴随失眠、腹膨隆，并可能出现在肠梗阻和肝硬化患者身上？,腹胀
bridge_subgraph_17949.graphml,哪种症状最可能同时伴随失眠、盆腹腔肿物、腹水和腹痛的出现？,发热
bridge_subgraph_17946.graphml,哪种疾病会导致肠鸣、腹痛和腹胀，且适合使用藿香正气散治疗？,夏季腹泻
bridge_subgraph_17956.graphml,哪种疾病在血甘油三脂和超声影像检查中表现异常，且常伴随肥胖和血脂异常？,老年非酒精性脂肪肝
bridge_subgraph_17955.graphml,哪种疾病在非药物综合干预下能有效缓解由学习压力引起的忧郁程度和躯体化症状？,失眠
bridge_subgraph_17959.graphml,哪种疾病在孕妇既往流产次数较多且年龄较大时风险更高，且在治疗过程中需要特别重视心理护理？,IVF-ET妊娠
bridge_subgraph_17944.graphml,哪种疾病在MRI检查中常见，容易并发家族性烟雾病，且患者常表现为头晕，需要康复护理辅助治疗？,Fahr病
bridge_subgraph_17958.graphml,哪种疾病与素状态和女性抑郁症直接相关，且常在特定年龄和少量饮酒的情况下出现？,失眠
bridge_subgraph_17961.graphml,哪种疾病在晚期癌症患者中常见，表现为睡眠时间延长，且常与老年髋部骨折和不良反应同时出现？,失眠
bridge_subgraph_17953.graphml,哪种疾病在服用补心益气汤的同时，容易出现视疲劳，并且常与脑梗死和冠心病相伴发生？,失眠
bridge_subgraph_17954.graphml,哪种疾病在胸透和R×C卡方检验中常见，且常伴随抑郁症和心理障碍？,失眠
bridge_subgraph_17962.graphml,哪种疾病在手术前大肠癌患者中常见，且需要通过排尿指导辅助治疗，同时伴随化疗和腹胀的临床表现？,失眠
bridge_subgraph_17965.graphml,哪种疾病会导致头面部中央和手心出现肢体无力，并需要辅助治疗来指导健康和生活？,失眠
bridge_subgraph_17966.graphml,哪种医学内容在包含17.7%辨证用汤药的同时，还常与心理干预和心理护理相结合？,失眠
bridge_subgraph_17963.graphml,哪种疾病在治疗时既需要服用朝药汤剂，又需配合行为干预，且患者常表现出敌对情绪，其病因与强迫行为有关？,失眠
bridge_subgraph_17968.graphml,哪种疾病既属于细菌感染和呼吸道感染，又常与结核病相关，且需要通过血常规进行检查？,非细菌感染
bridge_subgraph_17964.graphml,哪种疾病在服用右佐匹克隆片后出现烦躁，并且可能需要经颅微电流刺激来治疗术后抑郁？,失眠
bridge_subgraph_17957.graphml,哪种疾病在治疗过程中常需进行覆膜支架置放以辅助治疗，并可能引发胃食管返流并发症，且在治疗时通常会结合化疗和森田疗法？,恶性食管狭窄
bridge_subgraph_17970.graphml,哪种疾病会出现黄疸和血性胸水，并伴随贫血和腹胀的症状？,第5例
bridge_subgraph_17960.graphml,哪种疾病在临床表现上常伴有甲基苯丙胺依赖和失眠，且在治疗中除了使用氟哌噻吨美利曲辛片和桂枝汤外，还会辅以中药浸渍疗法？,失眠
bridge_subgraph_17969.graphml,哪种疾病在同时出现急性脑卒中和恶性肿瘤的情况下，最有可能导致多脏器功能衰竭，且使用阿司匹林治疗需特别谨慎？,基础病
bridge_subgraph_17974.graphml,哪种疾病在心胸外科术后患者中表现为失眠，并伴随呕吐和腹泻，可以通过耳穴压豆加心理护理进行辅助治疗？,失眠
bridge_subgraph_17973.graphml,哪种疾病在采用肢体取穴针刺法辅助治疗的同时，还需服用归脾汤药物，且常伴有呕吐和恶心的症状？,失眠
bridge_subgraph_17979.graphml,哪种疾病在脑MRI检查中可见病灶对侧偏身麻木，且常伴随运动障碍和头晕？,外侧延髓梗死
bridge_subgraph_17975.graphml,哪种疾病在治疗过程中常采用透灸和温泉水疗法辅助，且其临床表现包括突发性耳聋，药物治疗中常用当归？,失眠
bridge_subgraph_17976.graphml,哪种疾病会导致经常不易入寐，需要服用安眠药，并且在中医疗法和吸烟人群中较为常见？,失眠
bridge_subgraph_17983.graphml,哪种疾病在中医门诊治疗自发性蛛网膜下腔出血后，容易出现急性脑梗死和脑卒中等并发症？,失眠
bridge_subgraph_17967.graphml,哪种疾病在医院感染中常涉及肿瘤部位，且需使用5％聚维酮碘治疗并配合心理护理？,造瘘口
bridge_subgraph_17977.graphml,哪种疾病在进行治疗时，除了需要实施健康教育和细节护理外，还特别强调心理护理和整体护理的辅助作用？,老年静脉输液
bridge_subgraph_17978.graphml,哪种疾病在实验室检查中常与脂蛋白血症和Ⅱ型糖尿病相关，且可能同时出现OSAHS和急性心肌梗死？,甲襞微循环
bridge_subgraph_17972.graphml,哪种疾病在临床表现上既有躁狂症又有皮疹，且在辅助治疗中常采用耳穴贴压联合足浴，同时化疗也是其常见的治疗方法？,失眠
bridge_subgraph_17984.graphml,哪种疾病同时具有2型糖尿病和先天性心脏病的高危因素，并且与高血脂和丙型肝炎相关？,糖尿病
bridge_subgraph_17982.graphml,哪种疾病在治疗时既需要使用桂枝汤加味，又涉及到Hcrt能系统，并且常伴有头痛症状，还可能需要接受化疗？,失眠
bridge_subgraph_17980.graphml,哪种疾病在患者面临高学习压力时，适合采用芳香疗法、针对性护理和循证护理等多种辅助治疗方法进行综合治疗？,失眠
bridge_subgraph_17981.graphml,哪种症状在胃部不适和创伤骨科择期手术的临床表现中，同时伴随疲劳和缺血性脑卒中的风险评估因素？,焦虑
bridge_subgraph_17971.graphml,哪种疾病在出现VMA升高和岩骨次全切除术后，常伴随高血压和发热症状？,广泛型
bridge_subgraph_17990.graphml,哪种疾病在辅助治疗中常采用合谷和生活干预，且其临床表现包括腹泻和呕吐？,失眠
bridge_subgraph_17993.graphml,哪种疾病会导致发热和左侧胸腔积液，同时伴随休克和进行性消瘦？,第85例
bridge_subgraph_17987.graphml,哪种疾病会导致头痛和头晕，并且可能需要通过头颅MRI检查和抗抑郁药治疗？,失眠
bridge_subgraph_17992.graphml,哪种疾病同时涉及迟发型过敏反应，并在呼吸系统、消化系统和神经系统均有发病表现？,速发型过敏反应
bridge_subgraph_17996.graphml,哪种医学内容在治疗茎突综合征和HANS时，常与运动疗法和社区干预同时应用？,失眠
bridge_subgraph_17999.graphml,哪种疾病既与超重、失眠、偏头痛直接相关，又常伴随高血压和高血脂的出现？,青年组脑梗死
bridge_subgraph_17989.graphml,哪种疾病在甲状腺功能亢进症使用静电疗法治疗时，更容易引发脑出血和高血压？,失眠
bridge_subgraph_17995.graphml,哪种疾病在采用针对性护理模式辅助治疗的同时，常表现为白天困倦、腹痛和腹胀？,失眠
bridge_subgraph_17994.graphml,哪种疾病在采用个性化护理措施和方式的同时，也需要结合常规护理和护理干预进行辅助治疗？,肱骨颈骨折
bridge_subgraph_17997.graphml,哪种疾病在采用涌泉穴贴敷和中医综合疗法辅助治疗时，常伴随焦虑和人际关系敏感的临床表现？,失眠
bridge_subgraph_17998.graphml,哪种疾病既有精神障碍的病理分型，又表现为睡眠时间延长，并常伴随高血压和头晕？,失眠
bridge_subgraph_17985.graphml,哪种疾病在手术切除后仍可能出现头痛，且伴随不典型脑膜瘤和化疗的情况？,颅内血管外皮细胞瘤
bridge_subgraph_17986.graphml,哪种疾病在治疗时既需要使用阿普唑仑和生半夏，又常伴随疼痛并适合采用针灸治疗？,失眠
bridge_subgraph_17988.graphml,哪种疾病在头面部的中央发病，常伴有脑梗死并发症，且其病因与癫痫相关，适合采用靳三针结合加味乌梅丸治疗？,失眠
bridge_subgraph_18000.graphml,哪种疾病在进行葡萄糖氢呼气试验时需与肠结核鉴别诊断，且常伴有抑郁障碍和便秘的临床表现？,慢性末端回肠炎
